0.0	0.0	0.0
0.0	0.0	0.20943951023931953
0.0	0.0	0.41887902047863906
0.0	0.0	0.6283185307179586
0.0	0.0	0.8377580409572781
0.0	0.0	1.0471975511965976
0.0	0.0	1.2566370614359172
0.0	0.0	1.4660765716752366
0.0	0.0	1.6755160819145563
0.0	0.0	1.8849555921538759
0.0	0.0	2.0943951023931953
0.0	0.0	2.3038346126325147
0.0	0.0	2.5132741228718345
0.0	0.0	2.722713633111154
0.0	0.0	2.9321531433504733
0.0	0.0	3.141592653589793
0.0	0.0	3.3510321638291125
0.0	0.0	3.560471674068432
0.0	0.0	3.7699111843077517
0.0	0.0	3.979350694547071
0.0	0.0	4.1887902047863905
0.0	0.0	4.39822971502571
0.0	0.0	4.607669225265029
0.0	0.0	4.817108735504349
0.0	0.0	5.026548245743669
0.0	0.0	5.235987755982988
0.0	0.0	5.445427266222308
0.0	0.0	5.654866776461628
0.0	0.0	5.864306286700947
0.0	0.0	6.073745796940266
0.0	0.10471975511965977	0.0
0.0	0.10471975511965977	0.20943951023931953
0.0	0.10471975511965977	0.41887902047863906
0.0	0.10471975511965977	0.6283185307179586
0.0	0.10471975511965977	0.8377580409572781
0.0	0.10471975511965977	1.0471975511965976
0.0	0.10471975511965977	1.2566370614359172
0.0	0.10471975511965977	1.4660765716752366
0.0	0.10471975511965977	1.6755160819145563
0.0	0.10471975511965977	1.8849555921538759
0.0	0.10471975511965977	2.0943951023931953
0.0	0.10471975511965977	2.3038346126325147
0.0	0.10471975511965977	2.5132741228718345
0.0	0.10471975511965977	2.722713633111154
0.0	0.10471975511965977	2.9321531433504733
0.0	0.10471975511965977	3.141592653589793
0.0	0.10471975511965977	3.3510321638291125
0.0	0.10471975511965977	3.560471674068432
0.0	0.10471975511965977	3.7699111843077517
0.0	0.10471975511965977	3.979350694547071
0.0	0.10471975511965977	4.1887902047863905
0.0	0.10471975511965977	4.39822971502571
0.0	0.10471975511965977	4.607669225265029
0.0	0.10471975511965977	4.817108735504349
0.0	0.10471975511965977	5.026548245743669
0.0	0.10471975511965977	5.235987755982988
0.0	0.10471975511965977	5.445427266222308
0.0	0.10471975511965977	5.654866776461628
0.0	0.10471975511965977	5.864306286700947
0.0	0.10471975511965977	6.073745796940266
0.0	0.20943951023931953	0.0
0.0	0.20943951023931953	0.20943951023931953
0.0	0.20943951023931953	0.41887902047863906
0.0	0.20943951023931953	0.6283185307179586
0.0	0.20943951023931953	0.8377580409572781
0.0	0.20943951023931953	1.0471975511965976
0.0	0.20943951023931953	1.2566370614359172
0.0	0.20943951023931953	1.4660765716752366
0.0	0.20943951023931953	1.6755160819145563
0.0	0.20943951023931953	1.8849555921538759
0.0	0.20943951023931953	2.0943951023931953
0.0	0.20943951023931953	2.3038346126325147
0.0	0.20943951023931953	2.5132741228718345
0.0	0.20943951023931953	2.722713633111154
0.0	0.20943951023931953	2.9321531433504733
0.0	0.20943951023931953	3.141592653589793
0.0	0.20943951023931953	3.3510321638291125
0.0	0.20943951023931953	3.560471674068432
0.0	0.20943951023931953	3.7699111843077517
0.0	0.20943951023931953	3.979350694547071
0.0	0.20943951023931953	4.1887902047863905
0.0	0.20943951023931953	4.39822971502571
0.0	0.20943951023931953	4.607669225265029
0.0	0.20943951023931953	4.817108735504349
0.0	0.20943951023931953	5.026548245743669
0.0	0.20943951023931953	5.235987755982988
0.0	0.20943951023931953	5.445427266222308
0.0	0.20943951023931953	5.654866776461628
0.0	0.20943951023931953	5.864306286700947
0.0	0.20943951023931953	6.073745796940266
0.0	0.3141592653589793	0.0
0.0	0.3141592653589793	0.20943951023931953
0.0	0.3141592653589793	0.41887902047863906
0.0	0.3141592653589793	0.6283185307179586
0.0	0.3141592653589793	0.8377580409572781
0.0	0.3141592653589793	1.0471975511965976
0.0	0.3141592653589793	1.2566370614359172
0.0	0.3141592653589793	1.4660765716752366
0.0	0.3141592653589793	1.6755160819145563
0.0	0.3141592653589793	1.8849555921538759
0.0	0.3141592653589793	2.0943951023931953
0.0	0.3141592653589793	2.3038346126325147
0.0	0.3141592653589793	2.5132741228718345
0.0	0.3141592653589793	2.722713633111154
0.0	0.3141592653589793	2.9321531433504733
0.0	0.3141592653589793	3.141592653589793
0.0	0.3141592653589793	3.3510321638291125
0.0	0.3141592653589793	3.560471674068432
0.0	0.3141592653589793	3.7699111843077517
0.0	0.3141592653589793	3.979350694547071
0.0	0.3141592653589793	4.1887902047863905
0.0	0.3141592653589793	4.39822971502571
0.0	0.3141592653589793	4.607669225265029
0.0	0.3141592653589793	4.817108735504349
0.0	0.3141592653589793	5.026548245743669
0.0	0.3141592653589793	5.235987755982988
0.0	0.3141592653589793	5.445427266222308
0.0	0.3141592653589793	5.654866776461628
0.0	0.3141592653589793	5.864306286700947
0.0	0.3141592653589793	6.073745796940266
0.0	0.41887902047863906	0.0
0.0	0.41887902047863906	0.20943951023931953
0.0	0.41887902047863906	0.41887902047863906
0.0	0.41887902047863906	0.6283185307179586
0.0	0.41887902047863906	0.8377580409572781
0.0	0.41887902047863906	1.0471975511965976
0.0	0.41887902047863906	1.2566370614359172
0.0	0.41887902047863906	1.4660765716752366
0.0	0.41887902047863906	1.6755160819145563
0.0	0.41887902047863906	1.8849555921538759
0.0	0.41887902047863906	2.0943951023931953
0.0	0.41887902047863906	2.3038346126325147
0.0	0.41887902047863906	2.5132741228718345
0.0	0.41887902047863906	2.722713633111154
0.0	0.41887902047863906	2.9321531433504733
0.0	0.41887902047863906	3.141592653589793
0.0	0.41887902047863906	3.3510321638291125
0.0	0.41887902047863906	3.560471674068432
0.0	0.41887902047863906	3.7699111843077517
0.0	0.41887902047863906	3.979350694547071
0.0	0.41887902047863906	4.1887902047863905
0.0	0.41887902047863906	4.39822971502571
0.0	0.41887902047863906	4.607669225265029
0.0	0.41887902047863906	4.817108735504349
0.0	0.41887902047863906	5.026548245743669
0.0	0.41887902047863906	5.235987755982988
0.0	0.41887902047863906	5.445427266222308
0.0	0.41887902047863906	5.654866776461628
0.0	0.41887902047863906	5.864306286700947
0.0	0.41887902047863906	6.073745796940266
0.0	0.5235987755982988	0.0
0.0	0.5235987755982988	0.20943951023931953
0.0	0.5235987755982988	0.41887902047863906
0.0	0.5235987755982988	0.6283185307179586
0.0	0.5235987755982988	0.8377580409572781
0.0	0.5235987755982988	1.0471975511965976
0.0	0.5235987755982988	1.2566370614359172
0.0	0.5235987755982988	1.4660765716752366
0.0	0.5235987755982988	1.6755160819145563
0.0	0.5235987755982988	1.8849555921538759
0.0	0.5235987755982988	2.0943951023931953
0.0	0.5235987755982988	2.3038346126325147
0.0	0.5235987755982988	2.5132741228718345
0.0	0.5235987755982988	2.722713633111154
0.0	0.5235987755982988	2.9321531433504733
0.0	0.5235987755982988	3.141592653589793
0.0	0.5235987755982988	3.3510321638291125
0.0	0.5235987755982988	3.560471674068432
0.0	0.5235987755982988	3.7699111843077517
0.0	0.5235987755982988	3.979350694547071
0.0	0.5235987755982988	4.1887902047863905
0.0	0.5235987755982988	4.39822971502571
0.0	0.5235987755982988	4.607669225265029
0.0	0.5235987755982988	4.817108735504349
0.0	0.5235987755982988	5.026548245743669
0.0	0.5235987755982988	5.235987755982988
0.0	0.5235987755982988	5.445427266222308
0.0	0.5235987755982988	5.654866776461628
0.0	0.5235987755982988	5.864306286700947
0.0	0.5235987755982988	6.073745796940266
0.0	0.6283185307179586	0.0
0.0	0.6283185307179586	0.20943951023931953
0.0	0.6283185307179586	0.41887902047863906
0.0	0.6283185307179586	0.6283185307179586
0.0	0.6283185307179586	0.8377580409572781
0.0	0.6283185307179586	1.0471975511965976
0.0	0.6283185307179586	1.2566370614359172
0.0	0.6283185307179586	1.4660765716752366
0.0	0.6283185307179586	1.6755160819145563
0.0	0.6283185307179586	1.8849555921538759
0.0	0.6283185307179586	2.0943951023931953
0.0	0.6283185307179586	2.3038346126325147
0.0	0.6283185307179586	2.5132741228718345
0.0	0.6283185307179586	2.722713633111154
0.0	0.6283185307179586	2.9321531433504733
0.0	0.6283185307179586	3.141592653589793
0.0	0.6283185307179586	3.3510321638291125
0.0	0.6283185307179586	3.560471674068432
0.0	0.6283185307179586	3.7699111843077517
0.0	0.6283185307179586	3.979350694547071
0.0	0.6283185307179586	4.1887902047863905
0.0	0.6283185307179586	4.39822971502571
0.0	0.6283185307179586	4.607669225265029
0.0	0.6283185307179586	4.817108735504349
0.0	0.6283185307179586	5.026548245743669
0.0	0.6283185307179586	5.235987755982988
0.0	0.6283185307179586	5.445427266222308
0.0	0.6283185307179586	5.654866776461628
0.0	0.6283185307179586	5.864306286700947
0.0	0.6283185307179586	6.073745796940266
0.0	0.7330382858376183	0.0
0.0	0.7330382858376183	0.20943951023931953
0.0	0.7330382858376183	0.41887902047863906
0.0	0.7330382858376183	0.6283185307179586
0.0	0.7330382858376183	0.8377580409572781
0.0	0.7330382858376183	1.0471975511965976
0.0	0.7330382858376183	1.2566370614359172
0.0	0.7330382858376183	1.4660765716752366
0.0	0.7330382858376183	1.6755160819145563
0.0	0.7330382858376183	1.8849555921538759
0.0	0.7330382858376183	2.0943951023931953
0.0	0.7330382858376183	2.3038346126325147
0.0	0.7330382858376183	2.5132741228718345
0.0	0.7330382858376183	2.722713633111154
0.0	0.7330382858376183	2.9321531433504733
0.0	0.7330382858376183	3.141592653589793
0.0	0.7330382858376183	3.3510321638291125
0.0	0.7330382858376183	3.560471674068432
0.0	0.7330382858376183	3.7699111843077517
0.0	0.7330382858376183	3.979350694547071
0.0	0.7330382858376183	4.1887902047863905
0.0	0.7330382858376183	4.39822971502571
0.0	0.7330382858376183	4.607669225265029
0.0	0.7330382858376183	4.817108735504349
0.0	0.7330382858376183	5.026548245743669
0.0	0.7330382858376183	5.235987755982988
0.0	0.7330382858376183	5.445427266222308
0.0	0.7330382858376183	5.654866776461628
0.0	0.7330382858376183	5.864306286700947
0.0	0.7330382858376183	6.073745796940266
0.0	0.8377580409572781	0.0
0.0	0.8377580409572781	0.20943951023931953
0.0	0.8377580409572781	0.41887902047863906
0.0	0.8377580409572781	0.6283185307179586
0.0	0.8377580409572781	0.8377580409572781
0.0	0.8377580409572781	1.0471975511965976
0.0	0.8377580409572781	1.2566370614359172
0.0	0.8377580409572781	1.4660765716752366
0.0	0.8377580409572781	1.6755160819145563
0.0	0.8377580409572781	1.8849555921538759
0.0	0.8377580409572781	2.0943951023931953
0.0	0.8377580409572781	2.3038346126325147
0.0	0.8377580409572781	2.5132741228718345
0.0	0.8377580409572781	2.722713633111154
0.0	0.8377580409572781	2.9321531433504733
0.0	0.8377580409572781	3.141592653589793
0.0	0.8377580409572781	3.3510321638291125
0.0	0.8377580409572781	3.560471674068432
0.0	0.8377580409572781	3.7699111843077517
0.0	0.8377580409572781	3.979350694547071
0.0	0.8377580409572781	4.1887902047863905
0.0	0.8377580409572781	4.39822971502571
0.0	0.8377580409572781	4.607669225265029
0.0	0.8377580409572781	4.817108735504349
0.0	0.8377580409572781	5.026548245743669
0.0	0.8377580409572781	5.235987755982988
0.0	0.8377580409572781	5.445427266222308
0.0	0.8377580409572781	5.654866776461628
0.0	0.8377580409572781	5.864306286700947
0.0	0.8377580409572781	6.073745796940266
0.0	0.9424777960769379	0.0
0.0	0.9424777960769379	0.20943951023931953
0.0	0.9424777960769379	0.41887902047863906
0.0	0.9424777960769379	0.6283185307179586
0.0	0.9424777960769379	0.8377580409572781
0.0	0.9424777960769379	1.0471975511965976
0.0	0.9424777960769379	1.2566370614359172
0.0	0.9424777960769379	1.4660765716752366
0.0	0.9424777960769379	1.6755160819145563
0.0	0.9424777960769379	1.8849555921538759
0.0	0.9424777960769379	2.0943951023931953
0.0	0.9424777960769379	2.3038346126325147
0.0	0.9424777960769379	2.5132741228718345
0.0	0.9424777960769379	2.722713633111154
0.0	0.9424777960769379	2.9321531433504733
0.0	0.9424777960769379	3.141592653589793
0.0	0.9424777960769379	3.3510321638291125
0.0	0.9424777960769379	3.560471674068432
0.0	0.9424777960769379	3.7699111843077517
0.0	0.9424777960769379	3.979350694547071
0.0	0.9424777960769379	4.1887902047863905
0.0	0.9424777960769379	4.39822971502571
0.0	0.9424777960769379	4.607669225265029
0.0	0.9424777960769379	4.817108735504349
0.0	0.9424777960769379	5.026548245743669
0.0	0.9424777960769379	5.235987755982988
0.0	0.9424777960769379	5.445427266222308
0.0	0.9424777960769379	5.654866776461628
0.0	0.9424777960769379	5.864306286700947
0.0	0.9424777960769379	6.073745796940266
0.0	1.0471975511965976	0.0
0.0	1.0471975511965976	0.20943951023931953
0.0	1.0471975511965976	0.41887902047863906
0.0	1.0471975511965976	0.6283185307179586
0.0	1.0471975511965976	0.8377580409572781
0.0	1.0471975511965976	1.0471975511965976
0.0	1.0471975511965976	1.2566370614359172
0.0	1.0471975511965976	1.4660765716752366
0.0	1.0471975511965976	1.6755160819145563
0.0	1.0471975511965976	1.8849555921538759
0.0	1.0471975511965976	2.0943951023931953
0.0	1.0471975511965976	2.3038346126325147
0.0	1.0471975511965976	2.5132741228718345
0.0	1.0471975511965976	2.722713633111154
0.0	1.0471975511965976	2.9321531433504733
0.0	1.0471975511965976	3.141592653589793
0.0	1.0471975511965976	3.3510321638291125
0.0	1.0471975511965976	3.560471674068432
0.0	1.0471975511965976	3.7699111843077517
0.0	1.0471975511965976	3.979350694547071
0.0	1.0471975511965976	4.1887902047863905
0.0	1.0471975511965976	4.39822971502571
0.0	1.0471975511965976	4.607669225265029
0.0	1.0471975511965976	4.817108735504349
0.0	1.0471975511965976	5.026548245743669
0.0	1.0471975511965976	5.235987755982988
0.0	1.0471975511965976	5.445427266222308
0.0	1.0471975511965976	5.654866776461628
0.0	1.0471975511965976	5.864306286700947
0.0	1.0471975511965976	6.073745796940266
0.0	1.1519173063162573	0.0
0.0	1.1519173063162573	0.20943951023931953
0.0	1.1519173063162573	0.41887902047863906
0.0	1.1519173063162573	0.6283185307179586
0.0	1.1519173063162573	0.8377580409572781
0.0	1.1519173063162573	1.0471975511965976
0.0	1.1519173063162573	1.2566370614359172
0.0	1.1519173063162573	1.4660765716752366
0.0	1.1519173063162573	1.6755160819145563
0.0	1.1519173063162573	1.8849555921538759
0.0	1.1519173063162573	2.0943951023931953
0.0	1.1519173063162573	2.3038346126325147
0.0	1.1519173063162573	2.5132741228718345
0.0	1.1519173063162573	2.722713633111154
0.0	1.1519173063162573	2.9321531433504733
0.0	1.1519173063162573	3.141592653589793
0.0	1.1519173063162573	3.3510321638291125
0.0	1.1519173063162573	3.560471674068432
0.0	1.1519173063162573	3.7699111843077517
0.0	1.1519173063162573	3.979350694547071
0.0	1.1519173063162573	4.1887902047863905
0.0	1.1519173063162573	4.39822971502571
0.0	1.1519173063162573	4.607669225265029
0.0	1.1519173063162573	4.817108735504349
0.0	1.1519173063162573	5.026548245743669
0.0	1.1519173063162573	5.235987755982988
0.0	1.1519173063162573	5.445427266222308
0.0	1.1519173063162573	5.654866776461628
0.0	1.1519173063162573	5.864306286700947
0.0	1.1519173063162573	6.073745796940266
0.0	1.2566370614359172	0.0
0.0	1.2566370614359172	0.20943951023931953
0.0	1.2566370614359172	0.41887902047863906
0.0	1.2566370614359172	0.6283185307179586
0.0	1.2566370614359172	0.8377580409572781
0.0	1.2566370614359172	1.0471975511965976
0.0	1.2566370614359172	1.2566370614359172
0.0	1.2566370614359172	1.4660765716752366
0.0	1.2566370614359172	1.6755160819145563
0.0	1.2566370614359172	1.8849555921538759
0.0	1.2566370614359172	2.0943951023931953
0.0	1.2566370614359172	2.3038346126325147
0.0	1.2566370614359172	2.5132741228718345
0.0	1.2566370614359172	2.722713633111154
0.0	1.2566370614359172	2.9321531433504733
0.0	1.2566370614359172	3.141592653589793
0.0	1.2566370614359172	3.3510321638291125
0.0	1.2566370614359172	3.560471674068432
0.0	1.2566370614359172	3.7699111843077517
0.0	1.2566370614359172	3.979350694547071
0.0	1.2566370614359172	4.1887902047863905
0.0	1.2566370614359172	4.39822971502571
0.0	1.2566370614359172	4.607669225265029
0.0	1.2566370614359172	4.817108735504349
0.0	1.2566370614359172	5.026548245743669
0.0	1.2566370614359172	5.235987755982988
0.0	1.2566370614359172	5.445427266222308
0.0	1.2566370614359172	5.654866776461628
0.0	1.2566370614359172	5.864306286700947
0.0	1.2566370614359172	6.073745796940266
0.0	1.361356816555577	0.0
0.0	1.361356816555577	0.20943951023931953
0.0	1.361356816555577	0.41887902047863906
0.0	1.361356816555577	0.6283185307179586
0.0	1.361356816555577	0.8377580409572781
0.0	1.361356816555577	1.0471975511965976
0.0	1.361356816555577	1.2566370614359172
0.0	1.361356816555577	1.4660765716752366
0.0	1.361356816555577	1.6755160819145563
0.0	1.361356816555577	1.8849555921538759
0.0	1.361356816555577	2.0943951023931953
0.0	1.361356816555577	2.3038346126325147
0.0	1.361356816555577	2.5132741228718345
0.0	1.361356816555577	2.722713633111154
0.0	1.361356816555577	2.9321531433504733
0.0	1.361356816555577	3.141592653589793
0.0	1.361356816555577	3.3510321638291125
0.0	1.361356816555577	3.560471674068432
0.0	1.361356816555577	3.7699111843077517
0.0	1.361356816555577	3.979350694547071
0.0	1.361356816555577	4.1887902047863905
0.0	1.361356816555577	4.39822971502571
0.0	1.361356816555577	4.607669225265029
0.0	1.361356816555577	4.817108735504349
0.0	1.361356816555577	5.026548245743669
0.0	1.361356816555577	5.235987755982988
0.0	1.361356816555577	5.445427266222308
0.0	1.361356816555577	5.654866776461628
0.0	1.361356816555577	5.864306286700947
0.0	1.361356816555577	6.073745796940266
0.0	1.4660765716752366	0.0
0.0	1.4660765716752366	0.20943951023931953
0.0	1.4660765716752366	0.41887902047863906
0.0	1.4660765716752366	0.6283185307179586
0.0	1.4660765716752366	0.8377580409572781
0.0	1.4660765716752366	1.0471975511965976
0.0	1.4660765716752366	1.2566370614359172
0.0	1.4660765716752366	1.4660765716752366
0.0	1.4660765716752366	1.6755160819145563
0.0	1.4660765716752366	1.8849555921538759
0.0	1.4660765716752366	2.0943951023931953
0.0	1.4660765716752366	2.3038346126325147
0.0	1.4660765716752366	2.5132741228718345
0.0	1.4660765716752366	2.722713633111154
0.0	1.4660765716752366	2.9321531433504733
0.0	1.4660765716752366	3.141592653589793
0.0	1.4660765716752366	3.3510321638291125
0.0	1.4660765716752366	3.560471674068432
0.0	1.4660765716752366	3.7699111843077517
0.0	1.4660765716752366	3.979350694547071
0.0	1.4660765716752366	4.1887902047863905
0.0	1.4660765716752366	4.39822971502571
0.0	1.4660765716752366	4.607669225265029
0.0	1.4660765716752366	4.817108735504349
0.0	1.4660765716752366	5.026548245743669
0.0	1.4660765716752366	5.235987755982988
0.0	1.4660765716752366	5.445427266222308
0.0	1.4660765716752366	5.654866776461628
0.0	1.4660765716752366	5.864306286700947
0.0	1.4660765716752366	6.073745796940266
0.10471975511965977	0.0	0.0
0.10471975511965977	0.0	0.20943951023931953
0.10471975511965977	0.0	0.41887902047863906
0.10471975511965977	0.0	0.6283185307179586
0.10471975511965977	0.0	0.8377580409572781
0.10471975511965977	0.0	1.0471975511965976
0.10471975511965977	0.0	1.2566370614359172
0.10471975511965977	0.0	1.4660765716752366
0.10471975511965977	0.0	1.6755160819145563
0.10471975511965977	0.0	1.8849555921538759
0.10471975511965977	0.0	2.0943951023931953
0.10471975511965977	0.0	2.3038346126325147
0.10471975511965977	0.0	2.5132741228718345
0.10471975511965977	0.0	2.722713633111154
0.10471975511965977	0.0	2.9321531433504733
0.10471975511965977	0.0	3.141592653589793
0.10471975511965977	0.0	3.3510321638291125
0.10471975511965977	0.0	3.560471674068432
0.10471975511965977	0.0	3.7699111843077517
0.10471975511965977	0.0	3.979350694547071
0.10471975511965977	0.0	4.1887902047863905
0.10471975511965977	0.0	4.39822971502571
0.10471975511965977	0.0	4.607669225265029
0.10471975511965977	0.0	4.817108735504349
0.10471975511965977	0.0	5.026548245743669
0.10471975511965977	0.0	5.235987755982988
0.10471975511965977	0.0	5.445427266222308
0.10471975511965977	0.0	5.654866776461628
0.10471975511965977	0.0	5.864306286700947
0.10471975511965977	0.0	6.073745796940266
0.10471975511965977	0.10471975511965977	0.0
0.10471975511965977	0.10471975511965977	0.20943951023931953
0.10471975511965977	0.10471975511965977	0.41887902047863906
0.10471975511965977	0.10471975511965977	0.6283185307179586
0.10471975511965977	0.10471975511965977	0.8377580409572781
0.10471975511965977	0.10471975511965977	1.0471975511965976
0.10471975511965977	0.10471975511965977	1.2566370614359172
0.10471975511965977	0.10471975511965977	1.4660765716752366
0.10471975511965977	0.10471975511965977	1.6755160819145563
0.10471975511965977	0.10471975511965977	1.8849555921538759
0.10471975511965977	0.10471975511965977	2.0943951023931953
0.10471975511965977	0.10471975511965977	2.3038346126325147
0.10471975511965977	0.10471975511965977	2.5132741228718345
0.10471975511965977	0.10471975511965977	2.722713633111154
0.10471975511965977	0.10471975511965977	2.9321531433504733
0.10471975511965977	0.10471975511965977	3.141592653589793
0.10471975511965977	0.10471975511965977	3.3510321638291125
0.10471975511965977	0.10471975511965977	3.560471674068432
0.10471975511965977	0.10471975511965977	3.7699111843077517
0.10471975511965977	0.10471975511965977	3.979350694547071
0.10471975511965977	0.10471975511965977	4.1887902047863905
0.10471975511965977	0.10471975511965977	4.39822971502571
0.10471975511965977	0.10471975511965977	4.607669225265029
0.10471975511965977	0.10471975511965977	4.817108735504349
0.10471975511965977	0.10471975511965977	5.026548245743669
0.10471975511965977	0.10471975511965977	5.235987755982988
0.10471975511965977	0.10471975511965977	5.445427266222308
0.10471975511965977	0.10471975511965977	5.654866776461628
0.10471975511965977	0.10471975511965977	5.864306286700947
0.10471975511965977	0.10471975511965977	6.073745796940266
0.10471975511965977	0.20943951023931953	0.0
0.10471975511965977	0.20943951023931953	0.20943951023931953
0.10471975511965977	0.20943951023931953	0.41887902047863906
0.10471975511965977	0.20943951023931953	0.6283185307179586
0.10471975511965977	0.20943951023931953	0.8377580409572781
0.10471975511965977	0.20943951023931953	1.0471975511965976
0.10471975511965977	0.20943951023931953	1.2566370614359172
0.10471975511965977	0.20943951023931953	1.4660765716752366
0.10471975511965977	0.20943951023931953	1.6755160819145563
0.10471975511965977	0.20943951023931953	1.8849555921538759
0.10471975511965977	0.20943951023931953	2.0943951023931953
0.10471975511965977	0.20943951023931953	2.3038346126325147
0.10471975511965977	0.20943951023931953	2.5132741228718345
0.10471975511965977	0.20943951023931953	2.722713633111154
0.10471975511965977	0.20943951023931953	2.9321531433504733
0.10471975511965977	0.20943951023931953	3.141592653589793
0.10471975511965977	0.20943951023931953	3.3510321638291125
0.10471975511965977	0.20943951023931953	3.560471674068432
0.10471975511965977	0.20943951023931953	3.7699111843077517
0.10471975511965977	0.20943951023931953	3.979350694547071
0.10471975511965977	0.20943951023931953	4.1887902047863905
0.10471975511965977	0.20943951023931953	4.39822971502571
0.10471975511965977	0.20943951023931953	4.607669225265029
0.10471975511965977	0.20943951023931953	4.817108735504349
0.10471975511965977	0.20943951023931953	5.026548245743669
0.10471975511965977	0.20943951023931953	5.235987755982988
0.10471975511965977	0.20943951023931953	5.445427266222308
0.10471975511965977	0.20943951023931953	5.654866776461628
0.10471975511965977	0.20943951023931953	5.864306286700947
0.10471975511965977	0.20943951023931953	6.073745796940266
0.10471975511965977	0.3141592653589793	0.0
0.10471975511965977	0.3141592653589793	0.20943951023931953
0.10471975511965977	0.3141592653589793	0.41887902047863906
0.10471975511965977	0.3141592653589793	0.6283185307179586
0.10471975511965977	0.3141592653589793	0.8377580409572781
0.10471975511965977	0.3141592653589793	1.0471975511965976
0.10471975511965977	0.3141592653589793	1.2566370614359172
0.10471975511965977	0.3141592653589793	1.4660765716752366
0.10471975511965977	0.3141592653589793	1.6755160819145563
0.10471975511965977	0.3141592653589793	1.8849555921538759
0.10471975511965977	0.3141592653589793	2.0943951023931953
0.10471975511965977	0.3141592653589793	2.3038346126325147
0.10471975511965977	0.3141592653589793	2.5132741228718345
0.10471975511965977	0.3141592653589793	2.722713633111154
0.10471975511965977	0.3141592653589793	2.9321531433504733
0.10471975511965977	0.3141592653589793	3.141592653589793
0.10471975511965977	0.3141592653589793	3.3510321638291125
0.10471975511965977	0.3141592653589793	3.560471674068432
0.10471975511965977	0.3141592653589793	3.7699111843077517
0.10471975511965977	0.3141592653589793	3.979350694547071
0.10471975511965977	0.3141592653589793	4.1887902047863905
0.10471975511965977	0.3141592653589793	4.39822971502571
0.10471975511965977	0.3141592653589793	4.607669225265029
0.10471975511965977	0.3141592653589793	4.817108735504349
0.10471975511965977	0.3141592653589793	5.026548245743669
0.10471975511965977	0.3141592653589793	5.235987755982988
0.10471975511965977	0.3141592653589793	5.445427266222308
0.10471975511965977	0.3141592653589793	5.654866776461628
0.10471975511965977	0.3141592653589793	5.864306286700947
0.10471975511965977	0.3141592653589793	6.073745796940266
0.10471975511965977	0.41887902047863906	0.0
0.10471975511965977	0.41887902047863906	0.20943951023931953
0.10471975511965977	0.41887902047863906	0.41887902047863906
0.10471975511965977	0.41887902047863906	0.6283185307179586
0.10471975511965977	0.41887902047863906	0.8377580409572781
0.10471975511965977	0.41887902047863906	1.0471975511965976
0.10471975511965977	0.41887902047863906	1.2566370614359172
0.10471975511965977	0.41887902047863906	1.4660765716752366
0.10471975511965977	0.41887902047863906	1.6755160819145563
0.10471975511965977	0.41887902047863906	1.8849555921538759
0.10471975511965977	0.41887902047863906	2.0943951023931953
0.10471975511965977	0.41887902047863906	2.3038346126325147
0.10471975511965977	0.41887902047863906	2.5132741228718345
0.10471975511965977	0.41887902047863906	2.722713633111154
0.10471975511965977	0.41887902047863906	2.9321531433504733
0.10471975511965977	0.41887902047863906	3.141592653589793
0.10471975511965977	0.41887902047863906	3.3510321638291125
0.10471975511965977	0.41887902047863906	3.560471674068432
0.10471975511965977	0.41887902047863906	3.7699111843077517
0.10471975511965977	0.41887902047863906	3.979350694547071
0.10471975511965977	0.41887902047863906	4.1887902047863905
0.10471975511965977	0.41887902047863906	4.39822971502571
0.10471975511965977	0.41887902047863906	4.607669225265029
0.10471975511965977	0.41887902047863906	4.817108735504349
0.10471975511965977	0.41887902047863906	5.026548245743669
0.10471975511965977	0.41887902047863906	5.235987755982988
0.10471975511965977	0.41887902047863906	5.445427266222308
0.10471975511965977	0.41887902047863906	5.654866776461628
0.10471975511965977	0.41887902047863906	5.864306286700947
0.10471975511965977	0.41887902047863906	6.073745796940266
0.10471975511965977	0.5235987755982988	0.0
0.10471975511965977	0.5235987755982988	0.20943951023931953
0.10471975511965977	0.5235987755982988	0.41887902047863906
0.10471975511965977	0.5235987755982988	0.6283185307179586
0.10471975511965977	0.5235987755982988	0.8377580409572781
0.10471975511965977	0.5235987755982988	1.0471975511965976
0.10471975511965977	0.5235987755982988	1.2566370614359172
0.10471975511965977	0.5235987755982988	1.4660765716752366
0.10471975511965977	0.5235987755982988	1.6755160819145563
0.10471975511965977	0.5235987755982988	1.8849555921538759
0.10471975511965977	0.5235987755982988	2.0943951023931953
0.10471975511965977	0.5235987755982988	2.3038346126325147
0.10471975511965977	0.5235987755982988	2.5132741228718345
0.10471975511965977	0.5235987755982988	2.722713633111154
0.10471975511965977	0.5235987755982988	2.9321531433504733
0.10471975511965977	0.5235987755982988	3.141592653589793
0.10471975511965977	0.5235987755982988	3.3510321638291125
0.10471975511965977	0.5235987755982988	3.560471674068432
0.10471975511965977	0.5235987755982988	3.7699111843077517
0.10471975511965977	0.5235987755982988	3.979350694547071
0.10471975511965977	0.5235987755982988	4.1887902047863905
0.10471975511965977	0.5235987755982988	4.39822971502571
0.10471975511965977	0.5235987755982988	4.607669225265029
0.10471975511965977	0.5235987755982988	4.817108735504349
0.10471975511965977	0.5235987755982988	5.026548245743669
0.10471975511965977	0.5235987755982988	5.235987755982988
0.10471975511965977	0.5235987755982988	5.445427266222308
0.10471975511965977	0.5235987755982988	5.654866776461628
0.10471975511965977	0.5235987755982988	5.864306286700947
0.10471975511965977	0.5235987755982988	6.073745796940266
0.10471975511965977	0.6283185307179586	0.0
0.10471975511965977	0.6283185307179586	0.20943951023931953
0.10471975511965977	0.6283185307179586	0.41887902047863906
0.10471975511965977	0.6283185307179586	0.6283185307179586
0.10471975511965977	0.6283185307179586	0.8377580409572781
0.10471975511965977	0.6283185307179586	1.0471975511965976
0.10471975511965977	0.6283185307179586	1.2566370614359172
0.10471975511965977	0.6283185307179586	1.4660765716752366
0.10471975511965977	0.6283185307179586	1.6755160819145563
0.10471975511965977	0.6283185307179586	1.8849555921538759
0.10471975511965977	0.6283185307179586	2.0943951023931953
0.10471975511965977	0.6283185307179586	2.3038346126325147
0.10471975511965977	0.6283185307179586	2.5132741228718345
0.10471975511965977	0.6283185307179586	2.722713633111154
0.10471975511965977	0.6283185307179586	2.9321531433504733
0.10471975511965977	0.6283185307179586	3.141592653589793
0.10471975511965977	0.6283185307179586	3.3510321638291125
0.10471975511965977	0.6283185307179586	3.560471674068432
0.10471975511965977	0.6283185307179586	3.7699111843077517
0.10471975511965977	0.6283185307179586	3.979350694547071
0.10471975511965977	0.6283185307179586	4.1887902047863905
0.10471975511965977	0.6283185307179586	4.39822971502571
0.10471975511965977	0.6283185307179586	4.607669225265029
0.10471975511965977	0.6283185307179586	4.817108735504349
0.10471975511965977	0.6283185307179586	5.026548245743669
0.10471975511965977	0.6283185307179586	5.235987755982988
0.10471975511965977	0.6283185307179586	5.445427266222308
0.10471975511965977	0.6283185307179586	5.654866776461628
0.10471975511965977	0.6283185307179586	5.864306286700947
0.10471975511965977	0.6283185307179586	6.073745796940266
0.10471975511965977	0.7330382858376183	0.0
0.10471975511965977	0.7330382858376183	0.20943951023931953
0.10471975511965977	0.7330382858376183	0.41887902047863906
0.10471975511965977	0.7330382858376183	0.6283185307179586
0.10471975511965977	0.7330382858376183	0.8377580409572781
0.10471975511965977	0.7330382858376183	1.0471975511965976
0.10471975511965977	0.7330382858376183	1.2566370614359172
0.10471975511965977	0.7330382858376183	1.4660765716752366
0.10471975511965977	0.7330382858376183	1.6755160819145563
0.10471975511965977	0.7330382858376183	1.8849555921538759
0.10471975511965977	0.7330382858376183	2.0943951023931953
0.10471975511965977	0.7330382858376183	2.3038346126325147
0.10471975511965977	0.7330382858376183	2.5132741228718345
0.10471975511965977	0.7330382858376183	2.722713633111154
0.10471975511965977	0.7330382858376183	2.9321531433504733
0.10471975511965977	0.7330382858376183	3.141592653589793
0.10471975511965977	0.7330382858376183	3.3510321638291125
0.10471975511965977	0.7330382858376183	3.560471674068432
0.10471975511965977	0.7330382858376183	3.7699111843077517
0.10471975511965977	0.7330382858376183	3.979350694547071
0.10471975511965977	0.7330382858376183	4.1887902047863905
0.10471975511965977	0.7330382858376183	4.39822971502571
0.10471975511965977	0.7330382858376183	4.607669225265029
0.10471975511965977	0.7330382858376183	4.817108735504349
0.10471975511965977	0.7330382858376183	5.026548245743669
0.10471975511965977	0.7330382858376183	5.235987755982988
0.10471975511965977	0.7330382858376183	5.445427266222308
0.10471975511965977	0.7330382858376183	5.654866776461628
0.10471975511965977	0.7330382858376183	5.864306286700947
0.10471975511965977	0.7330382858376183	6.073745796940266
0.10471975511965977	0.8377580409572781	0.0
0.10471975511965977	0.8377580409572781	0.20943951023931953
0.10471975511965977	0.8377580409572781	0.41887902047863906
0.10471975511965977	0.8377580409572781	0.6283185307179586
0.10471975511965977	0.8377580409572781	0.8377580409572781
0.10471975511965977	0.8377580409572781	1.0471975511965976
0.10471975511965977	0.8377580409572781	1.2566370614359172
0.10471975511965977	0.8377580409572781	1.4660765716752366
0.10471975511965977	0.8377580409572781	1.6755160819145563
0.10471975511965977	0.8377580409572781	1.8849555921538759
0.10471975511965977	0.8377580409572781	2.0943951023931953
0.10471975511965977	0.8377580409572781	2.3038346126325147
0.10471975511965977	0.8377580409572781	2.5132741228718345
0.10471975511965977	0.8377580409572781	2.722713633111154
0.10471975511965977	0.8377580409572781	2.9321531433504733
0.10471975511965977	0.8377580409572781	3.141592653589793
0.10471975511965977	0.8377580409572781	3.3510321638291125
0.10471975511965977	0.8377580409572781	3.560471674068432
0.10471975511965977	0.8377580409572781	3.7699111843077517
0.10471975511965977	0.8377580409572781	3.979350694547071
0.10471975511965977	0.8377580409572781	4.1887902047863905
0.10471975511965977	0.8377580409572781	4.39822971502571
0.10471975511965977	0.8377580409572781	4.607669225265029
0.10471975511965977	0.8377580409572781	4.817108735504349
0.10471975511965977	0.8377580409572781	5.026548245743669
0.10471975511965977	0.8377580409572781	5.235987755982988
0.10471975511965977	0.8377580409572781	5.445427266222308
0.10471975511965977	0.8377580409572781	5.654866776461628
0.10471975511965977	0.8377580409572781	5.864306286700947
0.10471975511965977	0.8377580409572781	6.073745796940266
0.10471975511965977	0.9424777960769379	0.0
0.10471975511965977	0.9424777960769379	0.20943951023931953
0.10471975511965977	0.9424777960769379	0.41887902047863906
0.10471975511965977	0.9424777960769379	0.6283185307179586
0.10471975511965977	0.9424777960769379	0.8377580409572781
0.10471975511965977	0.9424777960769379	1.0471975511965976
0.10471975511965977	0.9424777960769379	1.2566370614359172
0.10471975511965977	0.9424777960769379	1.4660765716752366
0.10471975511965977	0.9424777960769379	1.6755160819145563
0.10471975511965977	0.9424777960769379	1.8849555921538759
0.10471975511965977	0.9424777960769379	2.0943951023931953
0.10471975511965977	0.9424777960769379	2.3038346126325147
0.10471975511965977	0.9424777960769379	2.5132741228718345
0.10471975511965977	0.9424777960769379	2.722713633111154
0.10471975511965977	0.9424777960769379	2.9321531433504733
0.10471975511965977	0.9424777960769379	3.141592653589793
0.10471975511965977	0.9424777960769379	3.3510321638291125
0.10471975511965977	0.9424777960769379	3.560471674068432
0.10471975511965977	0.9424777960769379	3.7699111843077517
0.10471975511965977	0.9424777960769379	3.979350694547071
0.10471975511965977	0.9424777960769379	4.1887902047863905
0.10471975511965977	0.9424777960769379	4.39822971502571
0.10471975511965977	0.9424777960769379	4.607669225265029
0.10471975511965977	0.9424777960769379	4.817108735504349
0.10471975511965977	0.9424777960769379	5.026548245743669
0.10471975511965977	0.9424777960769379	5.235987755982988
0.10471975511965977	0.9424777960769379	5.445427266222308
0.10471975511965977	0.9424777960769379	5.654866776461628
0.10471975511965977	0.9424777960769379	5.864306286700947
0.10471975511965977	0.9424777960769379	6.073745796940266
0.10471975511965977	1.0471975511965976	0.0
0.10471975511965977	1.0471975511965976	0.20943951023931953
0.10471975511965977	1.0471975511965976	0.41887902047863906
0.10471975511965977	1.0471975511965976	0.6283185307179586
0.10471975511965977	1.0471975511965976	0.8377580409572781
0.10471975511965977	1.0471975511965976	1.0471975511965976
0.10471975511965977	1.0471975511965976	1.2566370614359172
0.10471975511965977	1.0471975511965976	1.4660765716752366
0.10471975511965977	1.0471975511965976	1.6755160819145563
0.10471975511965977	1.0471975511965976	1.8849555921538759
0.10471975511965977	1.0471975511965976	2.0943951023931953
0.10471975511965977	1.0471975511965976	2.3038346126325147
0.10471975511965977	1.0471975511965976	2.5132741228718345
0.10471975511965977	1.0471975511965976	2.722713633111154
0.10471975511965977	1.0471975511965976	2.9321531433504733
0.10471975511965977	1.0471975511965976	3.141592653589793
0.10471975511965977	1.0471975511965976	3.3510321638291125
0.10471975511965977	1.0471975511965976	3.560471674068432
0.10471975511965977	1.0471975511965976	3.7699111843077517
0.10471975511965977	1.0471975511965976	3.979350694547071
0.10471975511965977	1.0471975511965976	4.1887902047863905
0.10471975511965977	1.0471975511965976	4.39822971502571
0.10471975511965977	1.0471975511965976	4.607669225265029
0.10471975511965977	1.0471975511965976	4.817108735504349
0.10471975511965977	1.0471975511965976	5.026548245743669
0.10471975511965977	1.0471975511965976	5.235987755982988
0.10471975511965977	1.0471975511965976	5.445427266222308
0.10471975511965977	1.0471975511965976	5.654866776461628
0.10471975511965977	1.0471975511965976	5.864306286700947
0.10471975511965977	1.0471975511965976	6.073745796940266
0.10471975511965977	1.1519173063162573	0.0
0.10471975511965977	1.1519173063162573	0.20943951023931953
0.10471975511965977	1.1519173063162573	0.41887902047863906
0.10471975511965977	1.1519173063162573	0.6283185307179586
0.10471975511965977	1.1519173063162573	0.8377580409572781
0.10471975511965977	1.1519173063162573	1.0471975511965976
0.10471975511965977	1.1519173063162573	1.2566370614359172
0.10471975511965977	1.1519173063162573	1.4660765716752366
0.10471975511965977	1.1519173063162573	1.6755160819145563
0.10471975511965977	1.1519173063162573	1.8849555921538759
0.10471975511965977	1.1519173063162573	2.0943951023931953
0.10471975511965977	1.1519173063162573	2.3038346126325147
0.10471975511965977	1.1519173063162573	2.5132741228718345
0.10471975511965977	1.1519173063162573	2.722713633111154
0.10471975511965977	1.1519173063162573	2.9321531433504733
0.10471975511965977	1.1519173063162573	3.141592653589793
0.10471975511965977	1.1519173063162573	3.3510321638291125
0.10471975511965977	1.1519173063162573	3.560471674068432
0.10471975511965977	1.1519173063162573	3.7699111843077517
0.10471975511965977	1.1519173063162573	3.979350694547071
0.10471975511965977	1.1519173063162573	4.1887902047863905
0.10471975511965977	1.1519173063162573	4.39822971502571
0.10471975511965977	1.1519173063162573	4.607669225265029
0.10471975511965977	1.1519173063162573	4.817108735504349
0.10471975511965977	1.1519173063162573	5.026548245743669
0.10471975511965977	1.1519173063162573	5.235987755982988
0.10471975511965977	1.1519173063162573	5.445427266222308
0.10471975511965977	1.1519173063162573	5.654866776461628
0.10471975511965977	1.1519173063162573	5.864306286700947
0.10471975511965977	1.1519173063162573	6.073745796940266
0.10471975511965977	1.2566370614359172	0.0
0.10471975511965977	1.2566370614359172	0.20943951023931953
0.10471975511965977	1.2566370614359172	0.41887902047863906
0.10471975511965977	1.2566370614359172	0.6283185307179586
0.10471975511965977	1.2566370614359172	0.8377580409572781
0.10471975511965977	1.2566370614359172	1.0471975511965976
0.10471975511965977	1.2566370614359172	1.2566370614359172
0.10471975511965977	1.2566370614359172	1.4660765716752366
0.10471975511965977	1.2566370614359172	1.6755160819145563
0.10471975511965977	1.2566370614359172	1.8849555921538759
0.10471975511965977	1.2566370614359172	2.0943951023931953
0.10471975511965977	1.2566370614359172	2.3038346126325147
0.10471975511965977	1.2566370614359172	2.5132741228718345
0.10471975511965977	1.2566370614359172	2.722713633111154
0.10471975511965977	1.2566370614359172	2.9321531433504733
0.10471975511965977	1.2566370614359172	3.141592653589793
0.10471975511965977	1.2566370614359172	3.3510321638291125
0.10471975511965977	1.2566370614359172	3.560471674068432
0.10471975511965977	1.2566370614359172	3.7699111843077517
0.10471975511965977	1.2566370614359172	3.979350694547071
0.10471975511965977	1.2566370614359172	4.1887902047863905
0.10471975511965977	1.2566370614359172	4.39822971502571
0.10471975511965977	1.2566370614359172	4.607669225265029
0.10471975511965977	1.2566370614359172	4.817108735504349
0.10471975511965977	1.2566370614359172	5.026548245743669
0.10471975511965977	1.2566370614359172	5.235987755982988
0.10471975511965977	1.2566370614359172	5.445427266222308
0.10471975511965977	1.2566370614359172	5.654866776461628
0.10471975511965977	1.2566370614359172	5.864306286700947
0.10471975511965977	1.2566370614359172	6.073745796940266
0.10471975511965977	1.361356816555577	0.0
0.10471975511965977	1.361356816555577	0.20943951023931953
0.10471975511965977	1.361356816555577	0.41887902047863906
0.10471975511965977	1.361356816555577	0.6283185307179586
0.10471975511965977	1.361356816555577	0.8377580409572781
0.10471975511965977	1.361356816555577	1.0471975511965976
0.10471975511965977	1.361356816555577	1.2566370614359172
0.10471975511965977	1.361356816555577	1.4660765716752366
0.10471975511965977	1.361356816555577	1.6755160819145563
0.10471975511965977	1.361356816555577	1.8849555921538759
0.10471975511965977	1.361356816555577	2.0943951023931953
0.10471975511965977	1.361356816555577	2.3038346126325147
0.10471975511965977	1.361356816555577	2.5132741228718345
0.10471975511965977	1.361356816555577	2.722713633111154
0.10471975511965977	1.361356816555577	2.9321531433504733
0.10471975511965977	1.361356816555577	3.141592653589793
0.10471975511965977	1.361356816555577	3.3510321638291125
0.10471975511965977	1.361356816555577	3.560471674068432
0.10471975511965977	1.361356816555577	3.7699111843077517
0.10471975511965977	1.361356816555577	3.979350694547071
0.10471975511965977	1.361356816555577	4.1887902047863905
0.10471975511965977	1.361356816555577	4.39822971502571
0.10471975511965977	1.361356816555577	4.607669225265029
0.10471975511965977	1.361356816555577	4.817108735504349
0.10471975511965977	1.361356816555577	5.026548245743669
0.10471975511965977	1.361356816555577	5.235987755982988
0.10471975511965977	1.361356816555577	5.445427266222308
0.10471975511965977	1.361356816555577	5.654866776461628
0.10471975511965977	1.361356816555577	5.864306286700947
0.10471975511965977	1.361356816555577	6.073745796940266
0.10471975511965977	1.4660765716752366	0.0
0.10471975511965977	1.4660765716752366	0.20943951023931953
0.10471975511965977	1.4660765716752366	0.41887902047863906
0.10471975511965977	1.4660765716752366	0.6283185307179586
0.10471975511965977	1.4660765716752366	0.8377580409572781
0.10471975511965977	1.4660765716752366	1.0471975511965976
0.10471975511965977	1.4660765716752366	1.2566370614359172
0.10471975511965977	1.4660765716752366	1.4660765716752366
0.10471975511965977	1.4660765716752366	1.6755160819145563
0.10471975511965977	1.4660765716752366	1.8849555921538759
0.10471975511965977	1.4660765716752366	2.0943951023931953
0.10471975511965977	1.4660765716752366	2.3038346126325147
0.10471975511965977	1.4660765716752366	2.5132741228718345
0.10471975511965977	1.4660765716752366	2.722713633111154
0.10471975511965977	1.4660765716752366	2.9321531433504733
0.10471975511965977	1.4660765716752366	3.141592653589793
0.10471975511965977	1.4660765716752366	3.3510321638291125
0.10471975511965977	1.4660765716752366	3.560471674068432
0.10471975511965977	1.4660765716752366	3.7699111843077517
0.10471975511965977	1.4660765716752366	3.979350694547071
0.10471975511965977	1.4660765716752366	4.1887902047863905
0.10471975511965977	1.4660765716752366	4.39822971502571
0.10471975511965977	1.4660765716752366	4.607669225265029
0.10471975511965977	1.4660765716752366	4.817108735504349
0.10471975511965977	1.4660765716752366	5.026548245743669
0.10471975511965977	1.4660765716752366	5.235987755982988
0.10471975511965977	1.4660765716752366	5.445427266222308
0.10471975511965977	1.4660765716752366	5.654866776461628
0.10471975511965977	1.4660765716752366	5.864306286700947
0.10471975511965977	1.4660765716752366	6.073745796940266
0.20943951023931953	0.0	0.0
0.20943951023931953	0.0	0.20943951023931953
0.20943951023931953	0.0	0.41887902047863906
0.20943951023931953	0.0	0.6283185307179586
0.20943951023931953	0.0	0.8377580409572781
0.20943951023931953	0.0	1.0471975511965976
0.20943951023931953	0.0	1.2566370614359172
0.20943951023931953	0.0	1.4660765716752366
0.20943951023931953	0.0	1.6755160819145563
0.20943951023931953	0.0	1.8849555921538759
0.20943951023931953	0.0	2.0943951023931953
0.20943951023931953	0.0	2.3038346126325147
0.20943951023931953	0.0	2.5132741228718345
0.20943951023931953	0.0	2.722713633111154
0.20943951023931953	0.0	2.9321531433504733
0.20943951023931953	0.0	3.141592653589793
0.20943951023931953	0.0	3.3510321638291125
0.20943951023931953	0.0	3.560471674068432
0.20943951023931953	0.0	3.7699111843077517
0.20943951023931953	0.0	3.979350694547071
0.20943951023931953	0.0	4.1887902047863905
0.20943951023931953	0.0	4.39822971502571
0.20943951023931953	0.0	4.607669225265029
0.20943951023931953	0.0	4.817108735504349
0.20943951023931953	0.0	5.026548245743669
0.20943951023931953	0.0	5.235987755982988
0.20943951023931953	0.0	5.445427266222308
0.20943951023931953	0.0	5.654866776461628
0.20943951023931953	0.0	5.864306286700947
0.20943951023931953	0.0	6.073745796940266
0.20943951023931953	0.10471975511965977	0.0
0.20943951023931953	0.10471975511965977	0.20943951023931953
0.20943951023931953	0.10471975511965977	0.41887902047863906
0.20943951023931953	0.10471975511965977	0.6283185307179586
0.20943951023931953	0.10471975511965977	0.8377580409572781
0.20943951023931953	0.10471975511965977	1.0471975511965976
0.20943951023931953	0.10471975511965977	1.2566370614359172
0.20943951023931953	0.10471975511965977	1.4660765716752366
0.20943951023931953	0.10471975511965977	1.6755160819145563
0.20943951023931953	0.10471975511965977	1.8849555921538759
0.20943951023931953	0.10471975511965977	2.0943951023931953
0.20943951023931953	0.10471975511965977	2.3038346126325147
0.20943951023931953	0.10471975511965977	2.5132741228718345
0.20943951023931953	0.10471975511965977	2.722713633111154
0.20943951023931953	0.10471975511965977	2.9321531433504733
0.20943951023931953	0.10471975511965977	3.141592653589793
0.20943951023931953	0.10471975511965977	3.3510321638291125
0.20943951023931953	0.10471975511965977	3.560471674068432
0.20943951023931953	0.10471975511965977	3.7699111843077517
0.20943951023931953	0.10471975511965977	3.979350694547071
0.20943951023931953	0.10471975511965977	4.1887902047863905
0.20943951023931953	0.10471975511965977	4.39822971502571
0.20943951023931953	0.10471975511965977	4.607669225265029
0.20943951023931953	0.10471975511965977	4.817108735504349
0.20943951023931953	0.10471975511965977	5.026548245743669
0.20943951023931953	0.10471975511965977	5.235987755982988
0.20943951023931953	0.10471975511965977	5.445427266222308
0.20943951023931953	0.10471975511965977	5.654866776461628
0.20943951023931953	0.10471975511965977	5.864306286700947
0.20943951023931953	0.10471975511965977	6.073745796940266
0.20943951023931953	0.20943951023931953	0.0
0.20943951023931953	0.20943951023931953	0.20943951023931953
0.20943951023931953	0.20943951023931953	0.41887902047863906
0.20943951023931953	0.20943951023931953	0.6283185307179586
0.20943951023931953	0.20943951023931953	0.8377580409572781
0.20943951023931953	0.20943951023931953	1.0471975511965976
0.20943951023931953	0.20943951023931953	1.2566370614359172
0.20943951023931953	0.20943951023931953	1.4660765716752366
0.20943951023931953	0.20943951023931953	1.6755160819145563
0.20943951023931953	0.20943951023931953	1.8849555921538759
0.20943951023931953	0.20943951023931953	2.0943951023931953
0.20943951023931953	0.20943951023931953	2.3038346126325147
0.20943951023931953	0.20943951023931953	2.5132741228718345
0.20943951023931953	0.20943951023931953	2.722713633111154
0.20943951023931953	0.20943951023931953	2.9321531433504733
0.20943951023931953	0.20943951023931953	3.141592653589793
0.20943951023931953	0.20943951023931953	3.3510321638291125
0.20943951023931953	0.20943951023931953	3.560471674068432
0.20943951023931953	0.20943951023931953	3.7699111843077517
0.20943951023931953	0.20943951023931953	3.979350694547071
0.20943951023931953	0.20943951023931953	4.1887902047863905
0.20943951023931953	0.20943951023931953	4.39822971502571
0.20943951023931953	0.20943951023931953	4.607669225265029
0.20943951023931953	0.20943951023931953	4.817108735504349
0.20943951023931953	0.20943951023931953	5.026548245743669
0.20943951023931953	0.20943951023931953	5.235987755982988
0.20943951023931953	0.20943951023931953	5.445427266222308
0.20943951023931953	0.20943951023931953	5.654866776461628
0.20943951023931953	0.20943951023931953	5.864306286700947
0.20943951023931953	0.20943951023931953	6.073745796940266
0.20943951023931953	0.3141592653589793	0.0
0.20943951023931953	0.3141592653589793	0.20943951023931953
0.20943951023931953	0.3141592653589793	0.41887902047863906
0.20943951023931953	0.3141592653589793	0.6283185307179586
0.20943951023931953	0.3141592653589793	0.8377580409572781
0.20943951023931953	0.3141592653589793	1.0471975511965976
0.20943951023931953	0.3141592653589793	1.2566370614359172
0.20943951023931953	0.3141592653589793	1.4660765716752366
0.20943951023931953	0.3141592653589793	1.6755160819145563
0.20943951023931953	0.3141592653589793	1.8849555921538759
0.20943951023931953	0.3141592653589793	2.0943951023931953
0.20943951023931953	0.3141592653589793	2.3038346126325147
0.20943951023931953	0.3141592653589793	2.5132741228718345
0.20943951023931953	0.3141592653589793	2.722713633111154
0.20943951023931953	0.3141592653589793	2.9321531433504733
0.20943951023931953	0.3141592653589793	3.141592653589793
0.20943951023931953	0.3141592653589793	3.3510321638291125
0.20943951023931953	0.3141592653589793	3.560471674068432
0.20943951023931953	0.3141592653589793	3.7699111843077517
0.20943951023931953	0.3141592653589793	3.979350694547071
0.20943951023931953	0.3141592653589793	4.1887902047863905
0.20943951023931953	0.3141592653589793	4.39822971502571
0.20943951023931953	0.3141592653589793	4.607669225265029
0.20943951023931953	0.3141592653589793	4.817108735504349
0.20943951023931953	0.3141592653589793	5.026548245743669
0.20943951023931953	0.3141592653589793	5.235987755982988
0.20943951023931953	0.3141592653589793	5.445427266222308
0.20943951023931953	0.3141592653589793	5.654866776461628
0.20943951023931953	0.3141592653589793	5.864306286700947
0.20943951023931953	0.3141592653589793	6.073745796940266
0.20943951023931953	0.41887902047863906	0.0
0.20943951023931953	0.41887902047863906	0.20943951023931953
0.20943951023931953	0.41887902047863906	0.41887902047863906
0.20943951023931953	0.41887902047863906	0.6283185307179586
0.20943951023931953	0.41887902047863906	0.8377580409572781
0.20943951023931953	0.41887902047863906	1.0471975511965976
0.20943951023931953	0.41887902047863906	1.2566370614359172
0.20943951023931953	0.41887902047863906	1.4660765716752366
0.20943951023931953	0.41887902047863906	1.6755160819145563
0.20943951023931953	0.41887902047863906	1.8849555921538759
0.20943951023931953	0.41887902047863906	2.0943951023931953
0.20943951023931953	0.41887902047863906	2.3038346126325147
0.20943951023931953	0.41887902047863906	2.5132741228718345
0.20943951023931953	0.41887902047863906	2.722713633111154
0.20943951023931953	0.41887902047863906	2.9321531433504733
0.20943951023931953	0.41887902047863906	3.141592653589793
0.20943951023931953	0.41887902047863906	3.3510321638291125
0.20943951023931953	0.41887902047863906	3.560471674068432
0.20943951023931953	0.41887902047863906	3.7699111843077517
0.20943951023931953	0.41887902047863906	3.979350694547071
0.20943951023931953	0.41887902047863906	4.1887902047863905
0.20943951023931953	0.41887902047863906	4.39822971502571
0.20943951023931953	0.41887902047863906	4.607669225265029
0.20943951023931953	0.41887902047863906	4.817108735504349
0.20943951023931953	0.41887902047863906	5.026548245743669
0.20943951023931953	0.41887902047863906	5.235987755982988
0.20943951023931953	0.41887902047863906	5.445427266222308
0.20943951023931953	0.41887902047863906	5.654866776461628
0.20943951023931953	0.41887902047863906	5.864306286700947
0.20943951023931953	0.41887902047863906	6.073745796940266
0.20943951023931953	0.5235987755982988	0.0
0.20943951023931953	0.5235987755982988	0.20943951023931953
0.20943951023931953	0.5235987755982988	0.41887902047863906
0.20943951023931953	0.5235987755982988	0.6283185307179586
0.20943951023931953	0.5235987755982988	0.8377580409572781
0.20943951023931953	0.5235987755982988	1.0471975511965976
0.20943951023931953	0.5235987755982988	1.2566370614359172
0.20943951023931953	0.5235987755982988	1.4660765716752366
0.20943951023931953	0.5235987755982988	1.6755160819145563
0.20943951023931953	0.5235987755982988	1.8849555921538759
0.20943951023931953	0.5235987755982988	2.0943951023931953
0.20943951023931953	0.5235987755982988	2.3038346126325147
0.20943951023931953	0.5235987755982988	2.5132741228718345
0.20943951023931953	0.5235987755982988	2.722713633111154
0.20943951023931953	0.5235987755982988	2.9321531433504733
0.20943951023931953	0.5235987755982988	3.141592653589793
0.20943951023931953	0.5235987755982988	3.3510321638291125
0.20943951023931953	0.5235987755982988	3.560471674068432
0.20943951023931953	0.5235987755982988	3.7699111843077517
0.20943951023931953	0.5235987755982988	3.979350694547071
0.20943951023931953	0.5235987755982988	4.1887902047863905
0.20943951023931953	0.5235987755982988	4.39822971502571
0.20943951023931953	0.5235987755982988	4.607669225265029
0.20943951023931953	0.5235987755982988	4.817108735504349
0.20943951023931953	0.5235987755982988	5.026548245743669
0.20943951023931953	0.5235987755982988	5.235987755982988
0.20943951023931953	0.5235987755982988	5.445427266222308
0.20943951023931953	0.5235987755982988	5.654866776461628
0.20943951023931953	0.5235987755982988	5.864306286700947
0.20943951023931953	0.5235987755982988	6.073745796940266
0.20943951023931953	0.6283185307179586	0.0
0.20943951023931953	0.6283185307179586	0.20943951023931953
0.20943951023931953	0.6283185307179586	0.41887902047863906
0.20943951023931953	0.6283185307179586	0.6283185307179586
0.20943951023931953	0.6283185307179586	0.8377580409572781
0.20943951023931953	0.6283185307179586	1.0471975511965976
0.20943951023931953	0.6283185307179586	1.2566370614359172
0.20943951023931953	0.6283185307179586	1.4660765716752366
0.20943951023931953	0.6283185307179586	1.6755160819145563
0.20943951023931953	0.6283185307179586	1.8849555921538759
0.20943951023931953	0.6283185307179586	2.0943951023931953
0.20943951023931953	0.6283185307179586	2.3038346126325147
0.20943951023931953	0.6283185307179586	2.5132741228718345
0.20943951023931953	0.6283185307179586	2.722713633111154
0.20943951023931953	0.6283185307179586	2.9321531433504733
0.20943951023931953	0.6283185307179586	3.141592653589793
0.20943951023931953	0.6283185307179586	3.3510321638291125
0.20943951023931953	0.6283185307179586	3.560471674068432
0.20943951023931953	0.6283185307179586	3.7699111843077517
0.20943951023931953	0.6283185307179586	3.979350694547071
0.20943951023931953	0.6283185307179586	4.1887902047863905
0.20943951023931953	0.6283185307179586	4.39822971502571
0.20943951023931953	0.6283185307179586	4.607669225265029
0.20943951023931953	0.6283185307179586	4.817108735504349
0.20943951023931953	0.6283185307179586	5.026548245743669
0.20943951023931953	0.6283185307179586	5.235987755982988
0.20943951023931953	0.6283185307179586	5.445427266222308
0.20943951023931953	0.6283185307179586	5.654866776461628
0.20943951023931953	0.6283185307179586	5.864306286700947
0.20943951023931953	0.6283185307179586	6.073745796940266
0.20943951023931953	0.7330382858376183	0.0
0.20943951023931953	0.7330382858376183	0.20943951023931953
0.20943951023931953	0.7330382858376183	0.41887902047863906
0.20943951023931953	0.7330382858376183	0.6283185307179586
0.20943951023931953	0.7330382858376183	0.8377580409572781
0.20943951023931953	0.7330382858376183	1.0471975511965976
0.20943951023931953	0.7330382858376183	1.2566370614359172
0.20943951023931953	0.7330382858376183	1.4660765716752366
0.20943951023931953	0.7330382858376183	1.6755160819145563
0.20943951023931953	0.7330382858376183	1.8849555921538759
0.20943951023931953	0.7330382858376183	2.0943951023931953
0.20943951023931953	0.7330382858376183	2.3038346126325147
0.20943951023931953	0.7330382858376183	2.5132741228718345
0.20943951023931953	0.7330382858376183	2.722713633111154
0.20943951023931953	0.7330382858376183	2.9321531433504733
0.20943951023931953	0.7330382858376183	3.141592653589793
0.20943951023931953	0.7330382858376183	3.3510321638291125
0.20943951023931953	0.7330382858376183	3.560471674068432
0.20943951023931953	0.7330382858376183	3.7699111843077517
0.20943951023931953	0.7330382858376183	3.979350694547071
0.20943951023931953	0.7330382858376183	4.1887902047863905
0.20943951023931953	0.7330382858376183	4.39822971502571
0.20943951023931953	0.7330382858376183	4.607669225265029
0.20943951023931953	0.7330382858376183	4.817108735504349
0.20943951023931953	0.7330382858376183	5.026548245743669
0.20943951023931953	0.7330382858376183	5.235987755982988
0.20943951023931953	0.7330382858376183	5.445427266222308
0.20943951023931953	0.7330382858376183	5.654866776461628
0.20943951023931953	0.7330382858376183	5.864306286700947
0.20943951023931953	0.7330382858376183	6.073745796940266
0.20943951023931953	0.8377580409572781	0.0
0.20943951023931953	0.8377580409572781	0.20943951023931953
0.20943951023931953	0.8377580409572781	0.41887902047863906
0.20943951023931953	0.8377580409572781	0.6283185307179586
0.20943951023931953	0.8377580409572781	0.8377580409572781
0.20943951023931953	0.8377580409572781	1.0471975511965976
0.20943951023931953	0.8377580409572781	1.2566370614359172
0.20943951023931953	0.8377580409572781	1.4660765716752366
0.20943951023931953	0.8377580409572781	1.6755160819145563
0.20943951023931953	0.8377580409572781	1.8849555921538759
0.20943951023931953	0.8377580409572781	2.0943951023931953
0.20943951023931953	0.8377580409572781	2.3038346126325147
0.20943951023931953	0.8377580409572781	2.5132741228718345
0.20943951023931953	0.8377580409572781	2.722713633111154
0.20943951023931953	0.8377580409572781	2.9321531433504733
0.20943951023931953	0.8377580409572781	3.141592653589793
0.20943951023931953	0.8377580409572781	3.3510321638291125
0.20943951023931953	0.8377580409572781	3.560471674068432
0.20943951023931953	0.8377580409572781	3.7699111843077517
0.20943951023931953	0.8377580409572781	3.979350694547071
0.20943951023931953	0.8377580409572781	4.1887902047863905
0.20943951023931953	0.8377580409572781	4.39822971502571
0.20943951023931953	0.8377580409572781	4.607669225265029
0.20943951023931953	0.8377580409572781	4.817108735504349
0.20943951023931953	0.8377580409572781	5.026548245743669
0.20943951023931953	0.8377580409572781	5.235987755982988
0.20943951023931953	0.8377580409572781	5.445427266222308
0.20943951023931953	0.8377580409572781	5.654866776461628
0.20943951023931953	0.8377580409572781	5.864306286700947
0.20943951023931953	0.8377580409572781	6.073745796940266
0.20943951023931953	0.9424777960769379	0.0
0.20943951023931953	0.9424777960769379	0.20943951023931953
0.20943951023931953	0.9424777960769379	0.41887902047863906
0.20943951023931953	0.9424777960769379	0.6283185307179586
0.20943951023931953	0.9424777960769379	0.8377580409572781
0.20943951023931953	0.9424777960769379	1.0471975511965976
0.20943951023931953	0.9424777960769379	1.2566370614359172
0.20943951023931953	0.9424777960769379	1.4660765716752366
0.20943951023931953	0.9424777960769379	1.6755160819145563
0.20943951023931953	0.9424777960769379	1.8849555921538759
0.20943951023931953	0.9424777960769379	2.0943951023931953
0.20943951023931953	0.9424777960769379	2.3038346126325147
0.20943951023931953	0.9424777960769379	2.5132741228718345
0.20943951023931953	0.9424777960769379	2.722713633111154
0.20943951023931953	0.9424777960769379	2.9321531433504733
0.20943951023931953	0.9424777960769379	3.141592653589793
0.20943951023931953	0.9424777960769379	3.3510321638291125
0.20943951023931953	0.9424777960769379	3.560471674068432
0.20943951023931953	0.9424777960769379	3.7699111843077517
0.20943951023931953	0.9424777960769379	3.979350694547071
0.20943951023931953	0.9424777960769379	4.1887902047863905
0.20943951023931953	0.9424777960769379	4.39822971502571
0.20943951023931953	0.9424777960769379	4.607669225265029
0.20943951023931953	0.9424777960769379	4.817108735504349
0.20943951023931953	0.9424777960769379	5.026548245743669
0.20943951023931953	0.9424777960769379	5.235987755982988
0.20943951023931953	0.9424777960769379	5.445427266222308
0.20943951023931953	0.9424777960769379	5.654866776461628
0.20943951023931953	0.9424777960769379	5.864306286700947
0.20943951023931953	0.9424777960769379	6.073745796940266
0.20943951023931953	1.0471975511965976	0.0
0.20943951023931953	1.0471975511965976	0.20943951023931953
0.20943951023931953	1.0471975511965976	0.41887902047863906
0.20943951023931953	1.0471975511965976	0.6283185307179586
0.20943951023931953	1.0471975511965976	0.8377580409572781
0.20943951023931953	1.0471975511965976	1.0471975511965976
0.20943951023931953	1.0471975511965976	1.2566370614359172
0.20943951023931953	1.0471975511965976	1.4660765716752366
0.20943951023931953	1.0471975511965976	1.6755160819145563
0.20943951023931953	1.0471975511965976	1.8849555921538759
0.20943951023931953	1.0471975511965976	2.0943951023931953
0.20943951023931953	1.0471975511965976	2.3038346126325147
0.20943951023931953	1.0471975511965976	2.5132741228718345
0.20943951023931953	1.0471975511965976	2.722713633111154
0.20943951023931953	1.0471975511965976	2.9321531433504733
0.20943951023931953	1.0471975511965976	3.141592653589793
0.20943951023931953	1.0471975511965976	3.3510321638291125
0.20943951023931953	1.0471975511965976	3.560471674068432
0.20943951023931953	1.0471975511965976	3.7699111843077517
0.20943951023931953	1.0471975511965976	3.979350694547071
0.20943951023931953	1.0471975511965976	4.1887902047863905
0.20943951023931953	1.0471975511965976	4.39822971502571
0.20943951023931953	1.0471975511965976	4.607669225265029
0.20943951023931953	1.0471975511965976	4.817108735504349
0.20943951023931953	1.0471975511965976	5.026548245743669
0.20943951023931953	1.0471975511965976	5.235987755982988
0.20943951023931953	1.0471975511965976	5.445427266222308
0.20943951023931953	1.0471975511965976	5.654866776461628
0.20943951023931953	1.0471975511965976	5.864306286700947
0.20943951023931953	1.0471975511965976	6.073745796940266
0.20943951023931953	1.1519173063162573	0.0
0.20943951023931953	1.1519173063162573	0.20943951023931953
0.20943951023931953	1.1519173063162573	0.41887902047863906
0.20943951023931953	1.1519173063162573	0.6283185307179586
0.20943951023931953	1.1519173063162573	0.8377580409572781
0.20943951023931953	1.1519173063162573	1.0471975511965976
0.20943951023931953	1.1519173063162573	1.2566370614359172
0.20943951023931953	1.1519173063162573	1.4660765716752366
0.20943951023931953	1.1519173063162573	1.6755160819145563
0.20943951023931953	1.1519173063162573	1.8849555921538759
0.20943951023931953	1.1519173063162573	2.0943951023931953
0.20943951023931953	1.1519173063162573	2.3038346126325147
0.20943951023931953	1.1519173063162573	2.5132741228718345
0.20943951023931953	1.1519173063162573	2.722713633111154
0.20943951023931953	1.1519173063162573	2.9321531433504733
0.20943951023931953	1.1519173063162573	3.141592653589793
0.20943951023931953	1.1519173063162573	3.3510321638291125
0.20943951023931953	1.1519173063162573	3.560471674068432
0.20943951023931953	1.1519173063162573	3.7699111843077517
0.20943951023931953	1.1519173063162573	3.979350694547071
0.20943951023931953	1.1519173063162573	4.1887902047863905
0.20943951023931953	1.1519173063162573	4.39822971502571
0.20943951023931953	1.1519173063162573	4.607669225265029
0.20943951023931953	1.1519173063162573	4.817108735504349
0.20943951023931953	1.1519173063162573	5.026548245743669
0.20943951023931953	1.1519173063162573	5.235987755982988
0.20943951023931953	1.1519173063162573	5.445427266222308
0.20943951023931953	1.1519173063162573	5.654866776461628
0.20943951023931953	1.1519173063162573	5.864306286700947
0.20943951023931953	1.1519173063162573	6.073745796940266
0.20943951023931953	1.2566370614359172	0.0
0.20943951023931953	1.2566370614359172	0.20943951023931953
0.20943951023931953	1.2566370614359172	0.41887902047863906
0.20943951023931953	1.2566370614359172	0.6283185307179586
0.20943951023931953	1.2566370614359172	0.8377580409572781
0.20943951023931953	1.2566370614359172	1.0471975511965976
0.20943951023931953	1.2566370614359172	1.2566370614359172
0.20943951023931953	1.2566370614359172	1.4660765716752366
0.20943951023931953	1.2566370614359172	1.6755160819145563
0.20943951023931953	1.2566370614359172	1.8849555921538759
0.20943951023931953	1.2566370614359172	2.0943951023931953
0.20943951023931953	1.2566370614359172	2.3038346126325147
0.20943951023931953	1.2566370614359172	2.5132741228718345
0.20943951023931953	1.2566370614359172	2.722713633111154
0.20943951023931953	1.2566370614359172	2.9321531433504733
0.20943951023931953	1.2566370614359172	3.141592653589793
0.20943951023931953	1.2566370614359172	3.3510321638291125
0.20943951023931953	1.2566370614359172	3.560471674068432
0.20943951023931953	1.2566370614359172	3.7699111843077517
0.20943951023931953	1.2566370614359172	3.979350694547071
0.20943951023931953	1.2566370614359172	4.1887902047863905
0.20943951023931953	1.2566370614359172	4.39822971502571
0.20943951023931953	1.2566370614359172	4.607669225265029
0.20943951023931953	1.2566370614359172	4.817108735504349
0.20943951023931953	1.2566370614359172	5.026548245743669
0.20943951023931953	1.2566370614359172	5.235987755982988
0.20943951023931953	1.2566370614359172	5.445427266222308
0.20943951023931953	1.2566370614359172	5.654866776461628
0.20943951023931953	1.2566370614359172	5.864306286700947
0.20943951023931953	1.2566370614359172	6.073745796940266
0.20943951023931953	1.361356816555577	0.0
0.20943951023931953	1.361356816555577	0.20943951023931953
0.20943951023931953	1.361356816555577	0.41887902047863906
0.20943951023931953	1.361356816555577	0.6283185307179586
0.20943951023931953	1.361356816555577	0.8377580409572781
0.20943951023931953	1.361356816555577	1.0471975511965976
0.20943951023931953	1.361356816555577	1.2566370614359172
0.20943951023931953	1.361356816555577	1.4660765716752366
0.20943951023931953	1.361356816555577	1.6755160819145563
0.20943951023931953	1.361356816555577	1.8849555921538759
0.20943951023931953	1.361356816555577	2.0943951023931953
0.20943951023931953	1.361356816555577	2.3038346126325147
0.20943951023931953	1.361356816555577	2.5132741228718345
0.20943951023931953	1.361356816555577	2.722713633111154
0.20943951023931953	1.361356816555577	2.9321531433504733
0.20943951023931953	1.361356816555577	3.141592653589793
0.20943951023931953	1.361356816555577	3.3510321638291125
0.20943951023931953	1.361356816555577	3.560471674068432
0.20943951023931953	1.361356816555577	3.7699111843077517
0.20943951023931953	1.361356816555577	3.979350694547071
0.20943951023931953	1.361356816555577	4.1887902047863905
0.20943951023931953	1.361356816555577	4.39822971502571
0.20943951023931953	1.361356816555577	4.607669225265029
0.20943951023931953	1.361356816555577	4.817108735504349
0.20943951023931953	1.361356816555577	5.026548245743669
0.20943951023931953	1.361356816555577	5.235987755982988
0.20943951023931953	1.361356816555577	5.445427266222308
0.20943951023931953	1.361356816555577	5.654866776461628
0.20943951023931953	1.361356816555577	5.864306286700947
0.20943951023931953	1.361356816555577	6.073745796940266
0.20943951023931953	1.4660765716752366	0.0
0.20943951023931953	1.4660765716752366	0.20943951023931953
0.20943951023931953	1.4660765716752366	0.41887902047863906
0.20943951023931953	1.4660765716752366	0.6283185307179586
0.20943951023931953	1.4660765716752366	0.8377580409572781
0.20943951023931953	1.4660765716752366	1.0471975511965976
0.20943951023931953	1.4660765716752366	1.2566370614359172
0.20943951023931953	1.4660765716752366	1.4660765716752366
0.20943951023931953	1.4660765716752366	1.6755160819145563
0.20943951023931953	1.4660765716752366	1.8849555921538759
0.20943951023931953	1.4660765716752366	2.0943951023931953
0.20943951023931953	1.4660765716752366	2.3038346126325147
0.20943951023931953	1.4660765716752366	2.5132741228718345
0.20943951023931953	1.4660765716752366	2.722713633111154
0.20943951023931953	1.4660765716752366	2.9321531433504733
0.20943951023931953	1.4660765716752366	3.141592653589793
0.20943951023931953	1.4660765716752366	3.3510321638291125
0.20943951023931953	1.4660765716752366	3.560471674068432
0.20943951023931953	1.4660765716752366	3.7699111843077517
0.20943951023931953	1.4660765716752366	3.979350694547071
0.20943951023931953	1.4660765716752366	4.1887902047863905
0.20943951023931953	1.4660765716752366	4.39822971502571
0.20943951023931953	1.4660765716752366	4.607669225265029
0.20943951023931953	1.4660765716752366	4.817108735504349
0.20943951023931953	1.4660765716752366	5.026548245743669
0.20943951023931953	1.4660765716752366	5.235987755982988
0.20943951023931953	1.4660765716752366	5.445427266222308
0.20943951023931953	1.4660765716752366	5.654866776461628
0.20943951023931953	1.4660765716752366	5.864306286700947
0.20943951023931953	1.4660765716752366	6.073745796940266
0.3141592653589793	0.0	0.0
0.3141592653589793	0.0	0.20943951023931953
0.3141592653589793	0.0	0.41887902047863906
0.3141592653589793	0.0	0.6283185307179586
0.3141592653589793	0.0	0.8377580409572781
0.3141592653589793	0.0	1.0471975511965976
0.3141592653589793	0.0	1.2566370614359172
0.3141592653589793	0.0	1.4660765716752366
0.3141592653589793	0.0	1.6755160819145563
0.3141592653589793	0.0	1.8849555921538759
0.3141592653589793	0.0	2.0943951023931953
0.3141592653589793	0.0	2.3038346126325147
0.3141592653589793	0.0	2.5132741228718345
0.3141592653589793	0.0	2.722713633111154
0.3141592653589793	0.0	2.9321531433504733
0.3141592653589793	0.0	3.141592653589793
0.3141592653589793	0.0	3.3510321638291125
0.3141592653589793	0.0	3.560471674068432
0.3141592653589793	0.0	3.7699111843077517
0.3141592653589793	0.0	3.979350694547071
0.3141592653589793	0.0	4.1887902047863905
0.3141592653589793	0.0	4.39822971502571
0.3141592653589793	0.0	4.607669225265029
0.3141592653589793	0.0	4.817108735504349
0.3141592653589793	0.0	5.026548245743669
0.3141592653589793	0.0	5.235987755982988
0.3141592653589793	0.0	5.445427266222308
0.3141592653589793	0.0	5.654866776461628
0.3141592653589793	0.0	5.864306286700947
0.3141592653589793	0.0	6.073745796940266
0.3141592653589793	0.10471975511965977	0.0
0.3141592653589793	0.10471975511965977	0.20943951023931953
0.3141592653589793	0.10471975511965977	0.41887902047863906
0.3141592653589793	0.10471975511965977	0.6283185307179586
0.3141592653589793	0.10471975511965977	0.8377580409572781
0.3141592653589793	0.10471975511965977	1.0471975511965976
0.3141592653589793	0.10471975511965977	1.2566370614359172
0.3141592653589793	0.10471975511965977	1.4660765716752366
0.3141592653589793	0.10471975511965977	1.6755160819145563
0.3141592653589793	0.10471975511965977	1.8849555921538759
0.3141592653589793	0.10471975511965977	2.0943951023931953
0.3141592653589793	0.10471975511965977	2.3038346126325147
0.3141592653589793	0.10471975511965977	2.5132741228718345
0.3141592653589793	0.10471975511965977	2.722713633111154
0.3141592653589793	0.10471975511965977	2.9321531433504733
0.3141592653589793	0.10471975511965977	3.141592653589793
0.3141592653589793	0.10471975511965977	3.3510321638291125
0.3141592653589793	0.10471975511965977	3.560471674068432
0.3141592653589793	0.10471975511965977	3.7699111843077517
0.3141592653589793	0.10471975511965977	3.979350694547071
0.3141592653589793	0.10471975511965977	4.1887902047863905
0.3141592653589793	0.10471975511965977	4.39822971502571
0.3141592653589793	0.10471975511965977	4.607669225265029
0.3141592653589793	0.10471975511965977	4.817108735504349
0.3141592653589793	0.10471975511965977	5.026548245743669
0.3141592653589793	0.10471975511965977	5.235987755982988
0.3141592653589793	0.10471975511965977	5.445427266222308
0.3141592653589793	0.10471975511965977	5.654866776461628
0.3141592653589793	0.10471975511965977	5.864306286700947
0.3141592653589793	0.10471975511965977	6.073745796940266
0.3141592653589793	0.20943951023931953	0.0
0.3141592653589793	0.20943951023931953	0.20943951023931953
0.3141592653589793	0.20943951023931953	0.41887902047863906
0.3141592653589793	0.20943951023931953	0.6283185307179586
0.3141592653589793	0.20943951023931953	0.8377580409572781
0.3141592653589793	0.20943951023931953	1.0471975511965976
0.3141592653589793	0.20943951023931953	1.2566370614359172
0.3141592653589793	0.20943951023931953	1.4660765716752366
0.3141592653589793	0.20943951023931953	1.6755160819145563
0.3141592653589793	0.20943951023931953	1.8849555921538759
0.3141592653589793	0.20943951023931953	2.0943951023931953
0.3141592653589793	0.20943951023931953	2.3038346126325147
0.3141592653589793	0.20943951023931953	2.5132741228718345
0.3141592653589793	0.20943951023931953	2.722713633111154
0.3141592653589793	0.20943951023931953	2.9321531433504733
0.3141592653589793	0.20943951023931953	3.141592653589793
0.3141592653589793	0.20943951023931953	3.3510321638291125
0.3141592653589793	0.20943951023931953	3.560471674068432
0.3141592653589793	0.20943951023931953	3.7699111843077517
0.3141592653589793	0.20943951023931953	3.979350694547071
0.3141592653589793	0.20943951023931953	4.1887902047863905
0.3141592653589793	0.20943951023931953	4.39822971502571
0.3141592653589793	0.20943951023931953	4.607669225265029
0.3141592653589793	0.20943951023931953	4.817108735504349
0.3141592653589793	0.20943951023931953	5.026548245743669
0.3141592653589793	0.20943951023931953	5.235987755982988
0.3141592653589793	0.20943951023931953	5.445427266222308
0.3141592653589793	0.20943951023931953	5.654866776461628
0.3141592653589793	0.20943951023931953	5.864306286700947
0.3141592653589793	0.20943951023931953	6.073745796940266
0.3141592653589793	0.3141592653589793	0.0
0.3141592653589793	0.3141592653589793	0.20943951023931953
0.3141592653589793	0.3141592653589793	0.41887902047863906
0.3141592653589793	0.3141592653589793	0.6283185307179586
0.3141592653589793	0.3141592653589793	0.8377580409572781
0.3141592653589793	0.3141592653589793	1.0471975511965976
0.3141592653589793	0.3141592653589793	1.2566370614359172
0.3141592653589793	0.3141592653589793	1.4660765716752366
0.3141592653589793	0.3141592653589793	1.6755160819145563
0.3141592653589793	0.3141592653589793	1.8849555921538759
0.3141592653589793	0.3141592653589793	2.0943951023931953
0.3141592653589793	0.3141592653589793	2.3038346126325147
0.3141592653589793	0.3141592653589793	2.5132741228718345
0.3141592653589793	0.3141592653589793	2.722713633111154
0.3141592653589793	0.3141592653589793	2.9321531433504733
0.3141592653589793	0.3141592653589793	3.141592653589793
0.3141592653589793	0.3141592653589793	3.3510321638291125
0.3141592653589793	0.3141592653589793	3.560471674068432
0.3141592653589793	0.3141592653589793	3.7699111843077517
0.3141592653589793	0.3141592653589793	3.979350694547071
0.3141592653589793	0.3141592653589793	4.1887902047863905
0.3141592653589793	0.3141592653589793	4.39822971502571
0.3141592653589793	0.3141592653589793	4.607669225265029
0.3141592653589793	0.3141592653589793	4.817108735504349
0.3141592653589793	0.3141592653589793	5.026548245743669
0.3141592653589793	0.3141592653589793	5.235987755982988
0.3141592653589793	0.3141592653589793	5.445427266222308
0.3141592653589793	0.3141592653589793	5.654866776461628
0.3141592653589793	0.3141592653589793	5.864306286700947
0.3141592653589793	0.3141592653589793	6.073745796940266
0.3141592653589793	0.41887902047863906	0.0
0.3141592653589793	0.41887902047863906	0.20943951023931953
0.3141592653589793	0.41887902047863906	0.41887902047863906
0.3141592653589793	0.41887902047863906	0.6283185307179586
0.3141592653589793	0.41887902047863906	0.8377580409572781
0.3141592653589793	0.41887902047863906	1.0471975511965976
0.3141592653589793	0.41887902047863906	1.2566370614359172
0.3141592653589793	0.41887902047863906	1.4660765716752366
0.3141592653589793	0.41887902047863906	1.6755160819145563
0.3141592653589793	0.41887902047863906	1.8849555921538759
0.3141592653589793	0.41887902047863906	2.0943951023931953
0.3141592653589793	0.41887902047863906	2.3038346126325147
0.3141592653589793	0.41887902047863906	2.5132741228718345
0.3141592653589793	0.41887902047863906	2.722713633111154
0.3141592653589793	0.41887902047863906	2.9321531433504733
0.3141592653589793	0.41887902047863906	3.141592653589793
0.3141592653589793	0.41887902047863906	3.3510321638291125
0.3141592653589793	0.41887902047863906	3.560471674068432
0.3141592653589793	0.41887902047863906	3.7699111843077517
0.3141592653589793	0.41887902047863906	3.979350694547071
0.3141592653589793	0.41887902047863906	4.1887902047863905
0.3141592653589793	0.41887902047863906	4.39822971502571
0.3141592653589793	0.41887902047863906	4.607669225265029
0.3141592653589793	0.41887902047863906	4.817108735504349
0.3141592653589793	0.41887902047863906	5.026548245743669
0.3141592653589793	0.41887902047863906	5.235987755982988
0.3141592653589793	0.41887902047863906	5.445427266222308
0.3141592653589793	0.41887902047863906	5.654866776461628
0.3141592653589793	0.41887902047863906	5.864306286700947
0.3141592653589793	0.41887902047863906	6.073745796940266
0.3141592653589793	0.5235987755982988	0.0
0.3141592653589793	0.5235987755982988	0.20943951023931953
0.3141592653589793	0.5235987755982988	0.41887902047863906
0.3141592653589793	0.5235987755982988	0.6283185307179586
0.3141592653589793	0.5235987755982988	0.8377580409572781
0.3141592653589793	0.5235987755982988	1.0471975511965976
0.3141592653589793	0.5235987755982988	1.2566370614359172
0.3141592653589793	0.5235987755982988	1.4660765716752366
0.3141592653589793	0.5235987755982988	1.6755160819145563
0.3141592653589793	0.5235987755982988	1.8849555921538759
0.3141592653589793	0.5235987755982988	2.0943951023931953
0.3141592653589793	0.5235987755982988	2.3038346126325147
0.3141592653589793	0.5235987755982988	2.5132741228718345
0.3141592653589793	0.5235987755982988	2.722713633111154
0.3141592653589793	0.5235987755982988	2.9321531433504733
0.3141592653589793	0.5235987755982988	3.141592653589793
0.3141592653589793	0.5235987755982988	3.3510321638291125
0.3141592653589793	0.5235987755982988	3.560471674068432
0.3141592653589793	0.5235987755982988	3.7699111843077517
0.3141592653589793	0.5235987755982988	3.979350694547071
0.3141592653589793	0.5235987755982988	4.1887902047863905
0.3141592653589793	0.5235987755982988	4.39822971502571
0.3141592653589793	0.5235987755982988	4.607669225265029
0.3141592653589793	0.5235987755982988	4.817108735504349
0.3141592653589793	0.5235987755982988	5.026548245743669
0.3141592653589793	0.5235987755982988	5.235987755982988
0.3141592653589793	0.5235987755982988	5.445427266222308
0.3141592653589793	0.5235987755982988	5.654866776461628
0.3141592653589793	0.5235987755982988	5.864306286700947
0.3141592653589793	0.5235987755982988	6.073745796940266
0.3141592653589793	0.6283185307179586	0.0
0.3141592653589793	0.6283185307179586	0.20943951023931953
0.3141592653589793	0.6283185307179586	0.41887902047863906
0.3141592653589793	0.6283185307179586	0.6283185307179586
0.3141592653589793	0.6283185307179586	0.8377580409572781
0.3141592653589793	0.6283185307179586	1.0471975511965976
0.3141592653589793	0.6283185307179586	1.2566370614359172
0.3141592653589793	0.6283185307179586	1.4660765716752366
0.3141592653589793	0.6283185307179586	1.6755160819145563
0.3141592653589793	0.6283185307179586	1.8849555921538759
0.3141592653589793	0.6283185307179586	2.0943951023931953
0.3141592653589793	0.6283185307179586	2.3038346126325147
0.3141592653589793	0.6283185307179586	2.5132741228718345
0.3141592653589793	0.6283185307179586	2.722713633111154
0.3141592653589793	0.6283185307179586	2.9321531433504733
0.3141592653589793	0.6283185307179586	3.141592653589793
0.3141592653589793	0.6283185307179586	3.3510321638291125
0.3141592653589793	0.6283185307179586	3.560471674068432
0.3141592653589793	0.6283185307179586	3.7699111843077517
0.3141592653589793	0.6283185307179586	3.979350694547071
0.3141592653589793	0.6283185307179586	4.1887902047863905
0.3141592653589793	0.6283185307179586	4.39822971502571
0.3141592653589793	0.6283185307179586	4.607669225265029
0.3141592653589793	0.6283185307179586	4.817108735504349
0.3141592653589793	0.6283185307179586	5.026548245743669
0.3141592653589793	0.6283185307179586	5.235987755982988
0.3141592653589793	0.6283185307179586	5.445427266222308
0.3141592653589793	0.6283185307179586	5.654866776461628
0.3141592653589793	0.6283185307179586	5.864306286700947
0.3141592653589793	0.6283185307179586	6.073745796940266
0.3141592653589793	0.7330382858376183	0.0
0.3141592653589793	0.7330382858376183	0.20943951023931953
0.3141592653589793	0.7330382858376183	0.41887902047863906
0.3141592653589793	0.7330382858376183	0.6283185307179586
0.3141592653589793	0.7330382858376183	0.8377580409572781
0.3141592653589793	0.7330382858376183	1.0471975511965976
0.3141592653589793	0.7330382858376183	1.2566370614359172
0.3141592653589793	0.7330382858376183	1.4660765716752366
0.3141592653589793	0.7330382858376183	1.6755160819145563
0.3141592653589793	0.7330382858376183	1.8849555921538759
0.3141592653589793	0.7330382858376183	2.0943951023931953
0.3141592653589793	0.7330382858376183	2.3038346126325147
0.3141592653589793	0.7330382858376183	2.5132741228718345
0.3141592653589793	0.7330382858376183	2.722713633111154
0.3141592653589793	0.7330382858376183	2.9321531433504733
0.3141592653589793	0.7330382858376183	3.141592653589793
0.3141592653589793	0.7330382858376183	3.3510321638291125
0.3141592653589793	0.7330382858376183	3.560471674068432
0.3141592653589793	0.7330382858376183	3.7699111843077517
0.3141592653589793	0.7330382858376183	3.979350694547071
0.3141592653589793	0.7330382858376183	4.1887902047863905
0.3141592653589793	0.7330382858376183	4.39822971502571
0.3141592653589793	0.7330382858376183	4.607669225265029
0.3141592653589793	0.7330382858376183	4.817108735504349
0.3141592653589793	0.7330382858376183	5.026548245743669
0.3141592653589793	0.7330382858376183	5.235987755982988
0.3141592653589793	0.7330382858376183	5.445427266222308
0.3141592653589793	0.7330382858376183	5.654866776461628
0.3141592653589793	0.7330382858376183	5.864306286700947
0.3141592653589793	0.7330382858376183	6.073745796940266
0.3141592653589793	0.8377580409572781	0.0
0.3141592653589793	0.8377580409572781	0.20943951023931953
0.3141592653589793	0.8377580409572781	0.41887902047863906
0.3141592653589793	0.8377580409572781	0.6283185307179586
0.3141592653589793	0.8377580409572781	0.8377580409572781
0.3141592653589793	0.8377580409572781	1.0471975511965976
0.3141592653589793	0.8377580409572781	1.2566370614359172
0.3141592653589793	0.8377580409572781	1.4660765716752366
0.3141592653589793	0.8377580409572781	1.6755160819145563
0.3141592653589793	0.8377580409572781	1.8849555921538759
0.3141592653589793	0.8377580409572781	2.0943951023931953
0.3141592653589793	0.8377580409572781	2.3038346126325147
0.3141592653589793	0.8377580409572781	2.5132741228718345
0.3141592653589793	0.8377580409572781	2.722713633111154
0.3141592653589793	0.8377580409572781	2.9321531433504733
0.3141592653589793	0.8377580409572781	3.141592653589793
0.3141592653589793	0.8377580409572781	3.3510321638291125
0.3141592653589793	0.8377580409572781	3.560471674068432
0.3141592653589793	0.8377580409572781	3.7699111843077517
0.3141592653589793	0.8377580409572781	3.979350694547071
0.3141592653589793	0.8377580409572781	4.1887902047863905
0.3141592653589793	0.8377580409572781	4.39822971502571
0.3141592653589793	0.8377580409572781	4.607669225265029
0.3141592653589793	0.8377580409572781	4.817108735504349
0.3141592653589793	0.8377580409572781	5.026548245743669
0.3141592653589793	0.8377580409572781	5.235987755982988
0.3141592653589793	0.8377580409572781	5.445427266222308
0.3141592653589793	0.8377580409572781	5.654866776461628
0.3141592653589793	0.8377580409572781	5.864306286700947
0.3141592653589793	0.8377580409572781	6.073745796940266
0.3141592653589793	0.9424777960769379	0.0
0.3141592653589793	0.9424777960769379	0.20943951023931953
0.3141592653589793	0.9424777960769379	0.41887902047863906
0.3141592653589793	0.9424777960769379	0.6283185307179586
0.3141592653589793	0.9424777960769379	0.8377580409572781
0.3141592653589793	0.9424777960769379	1.0471975511965976
0.3141592653589793	0.9424777960769379	1.2566370614359172
0.3141592653589793	0.9424777960769379	1.4660765716752366
0.3141592653589793	0.9424777960769379	1.6755160819145563
0.3141592653589793	0.9424777960769379	1.8849555921538759
0.3141592653589793	0.9424777960769379	2.0943951023931953
0.3141592653589793	0.9424777960769379	2.3038346126325147
0.3141592653589793	0.9424777960769379	2.5132741228718345
0.3141592653589793	0.9424777960769379	2.722713633111154
0.3141592653589793	0.9424777960769379	2.9321531433504733
0.3141592653589793	0.9424777960769379	3.141592653589793
0.3141592653589793	0.9424777960769379	3.3510321638291125
0.3141592653589793	0.9424777960769379	3.560471674068432
0.3141592653589793	0.9424777960769379	3.7699111843077517
0.3141592653589793	0.9424777960769379	3.979350694547071
0.3141592653589793	0.9424777960769379	4.1887902047863905
0.3141592653589793	0.9424777960769379	4.39822971502571
0.3141592653589793	0.9424777960769379	4.607669225265029
0.3141592653589793	0.9424777960769379	4.817108735504349
0.3141592653589793	0.9424777960769379	5.026548245743669
0.3141592653589793	0.9424777960769379	5.235987755982988
0.3141592653589793	0.9424777960769379	5.445427266222308
0.3141592653589793	0.9424777960769379	5.654866776461628
0.3141592653589793	0.9424777960769379	5.864306286700947
0.3141592653589793	0.9424777960769379	6.073745796940266
0.3141592653589793	1.0471975511965976	0.0
0.3141592653589793	1.0471975511965976	0.20943951023931953
0.3141592653589793	1.0471975511965976	0.41887902047863906
0.3141592653589793	1.0471975511965976	0.6283185307179586
0.3141592653589793	1.0471975511965976	0.8377580409572781
0.3141592653589793	1.0471975511965976	1.0471975511965976
0.3141592653589793	1.0471975511965976	1.2566370614359172
0.3141592653589793	1.0471975511965976	1.4660765716752366
0.3141592653589793	1.0471975511965976	1.6755160819145563
0.3141592653589793	1.0471975511965976	1.8849555921538759
0.3141592653589793	1.0471975511965976	2.0943951023931953
0.3141592653589793	1.0471975511965976	2.3038346126325147
0.3141592653589793	1.0471975511965976	2.5132741228718345
0.3141592653589793	1.0471975511965976	2.722713633111154
0.3141592653589793	1.0471975511965976	2.9321531433504733
0.3141592653589793	1.0471975511965976	3.141592653589793
0.3141592653589793	1.0471975511965976	3.3510321638291125
0.3141592653589793	1.0471975511965976	3.560471674068432
0.3141592653589793	1.0471975511965976	3.7699111843077517
0.3141592653589793	1.0471975511965976	3.979350694547071
0.3141592653589793	1.0471975511965976	4.1887902047863905
0.3141592653589793	1.0471975511965976	4.39822971502571
0.3141592653589793	1.0471975511965976	4.607669225265029
0.3141592653589793	1.0471975511965976	4.817108735504349
0.3141592653589793	1.0471975511965976	5.026548245743669
0.3141592653589793	1.0471975511965976	5.235987755982988
0.3141592653589793	1.0471975511965976	5.445427266222308
0.3141592653589793	1.0471975511965976	5.654866776461628
0.3141592653589793	1.0471975511965976	5.864306286700947
0.3141592653589793	1.0471975511965976	6.073745796940266
0.3141592653589793	1.1519173063162573	0.0
0.3141592653589793	1.1519173063162573	0.20943951023931953
0.3141592653589793	1.1519173063162573	0.41887902047863906
0.3141592653589793	1.1519173063162573	0.6283185307179586
0.3141592653589793	1.1519173063162573	0.8377580409572781
0.3141592653589793	1.1519173063162573	1.0471975511965976
0.3141592653589793	1.1519173063162573	1.2566370614359172
0.3141592653589793	1.1519173063162573	1.4660765716752366
0.3141592653589793	1.1519173063162573	1.6755160819145563
0.3141592653589793	1.1519173063162573	1.8849555921538759
0.3141592653589793	1.1519173063162573	2.0943951023931953
0.3141592653589793	1.1519173063162573	2.3038346126325147
0.3141592653589793	1.1519173063162573	2.5132741228718345
0.3141592653589793	1.1519173063162573	2.722713633111154
0.3141592653589793	1.1519173063162573	2.9321531433504733
0.3141592653589793	1.1519173063162573	3.141592653589793
0.3141592653589793	1.1519173063162573	3.3510321638291125
0.3141592653589793	1.1519173063162573	3.560471674068432
0.3141592653589793	1.1519173063162573	3.7699111843077517
0.3141592653589793	1.1519173063162573	3.979350694547071
0.3141592653589793	1.1519173063162573	4.1887902047863905
0.3141592653589793	1.1519173063162573	4.39822971502571
0.3141592653589793	1.1519173063162573	4.607669225265029
0.3141592653589793	1.1519173063162573	4.817108735504349
0.3141592653589793	1.1519173063162573	5.026548245743669
0.3141592653589793	1.1519173063162573	5.235987755982988
0.3141592653589793	1.1519173063162573	5.445427266222308
0.3141592653589793	1.1519173063162573	5.654866776461628
0.3141592653589793	1.1519173063162573	5.864306286700947
0.3141592653589793	1.1519173063162573	6.073745796940266
0.3141592653589793	1.2566370614359172	0.0
0.3141592653589793	1.2566370614359172	0.20943951023931953
0.3141592653589793	1.2566370614359172	0.41887902047863906
0.3141592653589793	1.2566370614359172	0.6283185307179586
0.3141592653589793	1.2566370614359172	0.8377580409572781
0.3141592653589793	1.2566370614359172	1.0471975511965976
0.3141592653589793	1.2566370614359172	1.2566370614359172
0.3141592653589793	1.2566370614359172	1.4660765716752366
0.3141592653589793	1.2566370614359172	1.6755160819145563
0.3141592653589793	1.2566370614359172	1.8849555921538759
0.3141592653589793	1.2566370614359172	2.0943951023931953
0.3141592653589793	1.2566370614359172	2.3038346126325147
0.3141592653589793	1.2566370614359172	2.5132741228718345
0.3141592653589793	1.2566370614359172	2.722713633111154
0.3141592653589793	1.2566370614359172	2.9321531433504733
0.3141592653589793	1.2566370614359172	3.141592653589793
0.3141592653589793	1.2566370614359172	3.3510321638291125
0.3141592653589793	1.2566370614359172	3.560471674068432
0.3141592653589793	1.2566370614359172	3.7699111843077517
0.3141592653589793	1.2566370614359172	3.979350694547071
0.3141592653589793	1.2566370614359172	4.1887902047863905
0.3141592653589793	1.2566370614359172	4.39822971502571
0.3141592653589793	1.2566370614359172	4.607669225265029
0.3141592653589793	1.2566370614359172	4.817108735504349
0.3141592653589793	1.2566370614359172	5.026548245743669
0.3141592653589793	1.2566370614359172	5.235987755982988
0.3141592653589793	1.2566370614359172	5.445427266222308
0.3141592653589793	1.2566370614359172	5.654866776461628
0.3141592653589793	1.2566370614359172	5.864306286700947
0.3141592653589793	1.2566370614359172	6.073745796940266
0.3141592653589793	1.361356816555577	0.0
0.3141592653589793	1.361356816555577	0.20943951023931953
0.3141592653589793	1.361356816555577	0.41887902047863906
0.3141592653589793	1.361356816555577	0.6283185307179586
0.3141592653589793	1.361356816555577	0.8377580409572781
0.3141592653589793	1.361356816555577	1.0471975511965976
0.3141592653589793	1.361356816555577	1.2566370614359172
0.3141592653589793	1.361356816555577	1.4660765716752366
0.3141592653589793	1.361356816555577	1.6755160819145563
0.3141592653589793	1.361356816555577	1.8849555921538759
0.3141592653589793	1.361356816555577	2.0943951023931953
0.3141592653589793	1.361356816555577	2.3038346126325147
0.3141592653589793	1.361356816555577	2.5132741228718345
0.3141592653589793	1.361356816555577	2.722713633111154
0.3141592653589793	1.361356816555577	2.9321531433504733
0.3141592653589793	1.361356816555577	3.141592653589793
0.3141592653589793	1.361356816555577	3.3510321638291125
0.3141592653589793	1.361356816555577	3.560471674068432
0.3141592653589793	1.361356816555577	3.7699111843077517
0.3141592653589793	1.361356816555577	3.979350694547071
0.3141592653589793	1.361356816555577	4.1887902047863905
0.3141592653589793	1.361356816555577	4.39822971502571
0.3141592653589793	1.361356816555577	4.607669225265029
0.3141592653589793	1.361356816555577	4.817108735504349
0.3141592653589793	1.361356816555577	5.026548245743669
0.3141592653589793	1.361356816555577	5.235987755982988
0.3141592653589793	1.361356816555577	5.445427266222308
0.3141592653589793	1.361356816555577	5.654866776461628
0.3141592653589793	1.361356816555577	5.864306286700947
0.3141592653589793	1.361356816555577	6.073745796940266
0.3141592653589793	1.4660765716752366	0.0
0.3141592653589793	1.4660765716752366	0.20943951023931953
0.3141592653589793	1.4660765716752366	0.41887902047863906
0.3141592653589793	1.4660765716752366	0.6283185307179586
0.3141592653589793	1.4660765716752366	0.8377580409572781
0.3141592653589793	1.4660765716752366	1.0471975511965976
0.3141592653589793	1.4660765716752366	1.2566370614359172
0.3141592653589793	1.4660765716752366	1.4660765716752366
0.3141592653589793	1.4660765716752366	1.6755160819145563
0.3141592653589793	1.4660765716752366	1.8849555921538759
0.3141592653589793	1.4660765716752366	2.0943951023931953
0.3141592653589793	1.4660765716752366	2.3038346126325147
0.3141592653589793	1.4660765716752366	2.5132741228718345
0.3141592653589793	1.4660765716752366	2.722713633111154
0.3141592653589793	1.4660765716752366	2.9321531433504733
0.3141592653589793	1.4660765716752366	3.141592653589793
0.3141592653589793	1.4660765716752366	3.3510321638291125
0.3141592653589793	1.4660765716752366	3.560471674068432
0.3141592653589793	1.4660765716752366	3.7699111843077517
0.3141592653589793	1.4660765716752366	3.979350694547071
0.3141592653589793	1.4660765716752366	4.1887902047863905
0.3141592653589793	1.4660765716752366	4.39822971502571
0.3141592653589793	1.4660765716752366	4.607669225265029
0.3141592653589793	1.4660765716752366	4.817108735504349
0.3141592653589793	1.4660765716752366	5.026548245743669
0.3141592653589793	1.4660765716752366	5.235987755982988
0.3141592653589793	1.4660765716752366	5.445427266222308
0.3141592653589793	1.4660765716752366	5.654866776461628
0.3141592653589793	1.4660765716752366	5.864306286700947
0.3141592653589793	1.4660765716752366	6.073745796940266
0.41887902047863906	0.0	0.0
0.41887902047863906	0.0	0.20943951023931953
0.41887902047863906	0.0	0.41887902047863906
0.41887902047863906	0.0	0.6283185307179586
0.41887902047863906	0.0	0.8377580409572781
0.41887902047863906	0.0	1.0471975511965976
0.41887902047863906	0.0	1.2566370614359172
0.41887902047863906	0.0	1.4660765716752366
0.41887902047863906	0.0	1.6755160819145563
0.41887902047863906	0.0	1.8849555921538759
0.41887902047863906	0.0	2.0943951023931953
0.41887902047863906	0.0	2.3038346126325147
0.41887902047863906	0.0	2.5132741228718345
0.41887902047863906	0.0	2.722713633111154
0.41887902047863906	0.0	2.9321531433504733
0.41887902047863906	0.0	3.141592653589793
0.41887902047863906	0.0	3.3510321638291125
0.41887902047863906	0.0	3.560471674068432
0.41887902047863906	0.0	3.7699111843077517
0.41887902047863906	0.0	3.979350694547071
0.41887902047863906	0.0	4.1887902047863905
0.41887902047863906	0.0	4.39822971502571
0.41887902047863906	0.0	4.607669225265029
0.41887902047863906	0.0	4.817108735504349
0.41887902047863906	0.0	5.026548245743669
0.41887902047863906	0.0	5.235987755982988
0.41887902047863906	0.0	5.445427266222308
0.41887902047863906	0.0	5.654866776461628
0.41887902047863906	0.0	5.864306286700947
0.41887902047863906	0.0	6.073745796940266
0.41887902047863906	0.10471975511965977	0.0
0.41887902047863906	0.10471975511965977	0.20943951023931953
0.41887902047863906	0.10471975511965977	0.41887902047863906
0.41887902047863906	0.10471975511965977	0.6283185307179586
0.41887902047863906	0.10471975511965977	0.8377580409572781
0.41887902047863906	0.10471975511965977	1.0471975511965976
0.41887902047863906	0.10471975511965977	1.2566370614359172
0.41887902047863906	0.10471975511965977	1.4660765716752366
0.41887902047863906	0.10471975511965977	1.6755160819145563
0.41887902047863906	0.10471975511965977	1.8849555921538759
0.41887902047863906	0.10471975511965977	2.0943951023931953
0.41887902047863906	0.10471975511965977	2.3038346126325147
0.41887902047863906	0.10471975511965977	2.5132741228718345
0.41887902047863906	0.10471975511965977	2.722713633111154
0.41887902047863906	0.10471975511965977	2.9321531433504733
0.41887902047863906	0.10471975511965977	3.141592653589793
0.41887902047863906	0.10471975511965977	3.3510321638291125
0.41887902047863906	0.10471975511965977	3.560471674068432
0.41887902047863906	0.10471975511965977	3.7699111843077517
0.41887902047863906	0.10471975511965977	3.979350694547071
0.41887902047863906	0.10471975511965977	4.1887902047863905
0.41887902047863906	0.10471975511965977	4.39822971502571
0.41887902047863906	0.10471975511965977	4.607669225265029
0.41887902047863906	0.10471975511965977	4.817108735504349
0.41887902047863906	0.10471975511965977	5.026548245743669
0.41887902047863906	0.10471975511965977	5.235987755982988
0.41887902047863906	0.10471975511965977	5.445427266222308
0.41887902047863906	0.10471975511965977	5.654866776461628
0.41887902047863906	0.10471975511965977	5.864306286700947
0.41887902047863906	0.10471975511965977	6.073745796940266
0.41887902047863906	0.20943951023931953	0.0
0.41887902047863906	0.20943951023931953	0.20943951023931953
0.41887902047863906	0.20943951023931953	0.41887902047863906
0.41887902047863906	0.20943951023931953	0.6283185307179586
0.41887902047863906	0.20943951023931953	0.8377580409572781
0.41887902047863906	0.20943951023931953	1.0471975511965976
0.41887902047863906	0.20943951023931953	1.2566370614359172
0.41887902047863906	0.20943951023931953	1.4660765716752366
0.41887902047863906	0.20943951023931953	1.6755160819145563
0.41887902047863906	0.20943951023931953	1.8849555921538759
0.41887902047863906	0.20943951023931953	2.0943951023931953
0.41887902047863906	0.20943951023931953	2.3038346126325147
0.41887902047863906	0.20943951023931953	2.5132741228718345
0.41887902047863906	0.20943951023931953	2.722713633111154
0.41887902047863906	0.20943951023931953	2.9321531433504733
0.41887902047863906	0.20943951023931953	3.141592653589793
0.41887902047863906	0.20943951023931953	3.3510321638291125
0.41887902047863906	0.20943951023931953	3.560471674068432
0.41887902047863906	0.20943951023931953	3.7699111843077517
0.41887902047863906	0.20943951023931953	3.979350694547071
0.41887902047863906	0.20943951023931953	4.1887902047863905
0.41887902047863906	0.20943951023931953	4.39822971502571
0.41887902047863906	0.20943951023931953	4.607669225265029
0.41887902047863906	0.20943951023931953	4.817108735504349
0.41887902047863906	0.20943951023931953	5.026548245743669
0.41887902047863906	0.20943951023931953	5.235987755982988
0.41887902047863906	0.20943951023931953	5.445427266222308
0.41887902047863906	0.20943951023931953	5.654866776461628
0.41887902047863906	0.20943951023931953	5.864306286700947
0.41887902047863906	0.20943951023931953	6.073745796940266
0.41887902047863906	0.3141592653589793	0.0
0.41887902047863906	0.3141592653589793	0.20943951023931953
0.41887902047863906	0.3141592653589793	0.41887902047863906
0.41887902047863906	0.3141592653589793	0.6283185307179586
0.41887902047863906	0.3141592653589793	0.8377580409572781
0.41887902047863906	0.3141592653589793	1.0471975511965976
0.41887902047863906	0.3141592653589793	1.2566370614359172
0.41887902047863906	0.3141592653589793	1.4660765716752366
0.41887902047863906	0.3141592653589793	1.6755160819145563
0.41887902047863906	0.3141592653589793	1.8849555921538759
0.41887902047863906	0.3141592653589793	2.0943951023931953
0.41887902047863906	0.3141592653589793	2.3038346126325147
0.41887902047863906	0.3141592653589793	2.5132741228718345
0.41887902047863906	0.3141592653589793	2.722713633111154
0.41887902047863906	0.3141592653589793	2.9321531433504733
0.41887902047863906	0.3141592653589793	3.141592653589793
0.41887902047863906	0.3141592653589793	3.3510321638291125
0.41887902047863906	0.3141592653589793	3.560471674068432
0.41887902047863906	0.3141592653589793	3.7699111843077517
0.41887902047863906	0.3141592653589793	3.979350694547071
0.41887902047863906	0.3141592653589793	4.1887902047863905
0.41887902047863906	0.3141592653589793	4.39822971502571
0.41887902047863906	0.3141592653589793	4.607669225265029
0.41887902047863906	0.3141592653589793	4.817108735504349
0.41887902047863906	0.3141592653589793	5.026548245743669
0.41887902047863906	0.3141592653589793	5.235987755982988
0.41887902047863906	0.3141592653589793	5.445427266222308
0.41887902047863906	0.3141592653589793	5.654866776461628
0.41887902047863906	0.3141592653589793	5.864306286700947
0.41887902047863906	0.3141592653589793	6.073745796940266
0.41887902047863906	0.41887902047863906	0.0
0.41887902047863906	0.41887902047863906	0.20943951023931953
0.41887902047863906	0.41887902047863906	0.41887902047863906
0.41887902047863906	0.41887902047863906	0.6283185307179586
0.41887902047863906	0.41887902047863906	0.8377580409572781
0.41887902047863906	0.41887902047863906	1.0471975511965976
0.41887902047863906	0.41887902047863906	1.2566370614359172
0.41887902047863906	0.41887902047863906	1.4660765716752366
0.41887902047863906	0.41887902047863906	1.6755160819145563
0.41887902047863906	0.41887902047863906	1.8849555921538759
0.41887902047863906	0.41887902047863906	2.0943951023931953
0.41887902047863906	0.41887902047863906	2.3038346126325147
0.41887902047863906	0.41887902047863906	2.5132741228718345
0.41887902047863906	0.41887902047863906	2.722713633111154
0.41887902047863906	0.41887902047863906	2.9321531433504733
0.41887902047863906	0.41887902047863906	3.141592653589793
0.41887902047863906	0.41887902047863906	3.3510321638291125
0.41887902047863906	0.41887902047863906	3.560471674068432
0.41887902047863906	0.41887902047863906	3.7699111843077517
0.41887902047863906	0.41887902047863906	3.979350694547071
0.41887902047863906	0.41887902047863906	4.1887902047863905
0.41887902047863906	0.41887902047863906	4.39822971502571
0.41887902047863906	0.41887902047863906	4.607669225265029
0.41887902047863906	0.41887902047863906	4.817108735504349
0.41887902047863906	0.41887902047863906	5.026548245743669
0.41887902047863906	0.41887902047863906	5.235987755982988
0.41887902047863906	0.41887902047863906	5.445427266222308
0.41887902047863906	0.41887902047863906	5.654866776461628
0.41887902047863906	0.41887902047863906	5.864306286700947
0.41887902047863906	0.41887902047863906	6.073745796940266
0.41887902047863906	0.5235987755982988	0.0
0.41887902047863906	0.5235987755982988	0.20943951023931953
0.41887902047863906	0.5235987755982988	0.41887902047863906
0.41887902047863906	0.5235987755982988	0.6283185307179586
0.41887902047863906	0.5235987755982988	0.8377580409572781
0.41887902047863906	0.5235987755982988	1.0471975511965976
0.41887902047863906	0.5235987755982988	1.2566370614359172
0.41887902047863906	0.5235987755982988	1.4660765716752366
0.41887902047863906	0.5235987755982988	1.6755160819145563
0.41887902047863906	0.5235987755982988	1.8849555921538759
0.41887902047863906	0.5235987755982988	2.0943951023931953
0.41887902047863906	0.5235987755982988	2.3038346126325147
0.41887902047863906	0.5235987755982988	2.5132741228718345
0.41887902047863906	0.5235987755982988	2.722713633111154
0.41887902047863906	0.5235987755982988	2.9321531433504733
0.41887902047863906	0.5235987755982988	3.141592653589793
0.41887902047863906	0.5235987755982988	3.3510321638291125
0.41887902047863906	0.5235987755982988	3.560471674068432
0.41887902047863906	0.5235987755982988	3.7699111843077517
0.41887902047863906	0.5235987755982988	3.979350694547071
0.41887902047863906	0.5235987755982988	4.1887902047863905
0.41887902047863906	0.5235987755982988	4.39822971502571
0.41887902047863906	0.5235987755982988	4.607669225265029
0.41887902047863906	0.5235987755982988	4.817108735504349
0.41887902047863906	0.5235987755982988	5.026548245743669
0.41887902047863906	0.5235987755982988	5.235987755982988
0.41887902047863906	0.5235987755982988	5.445427266222308
0.41887902047863906	0.5235987755982988	5.654866776461628
0.41887902047863906	0.5235987755982988	5.864306286700947
0.41887902047863906	0.5235987755982988	6.073745796940266
0.41887902047863906	0.6283185307179586	0.0
0.41887902047863906	0.6283185307179586	0.20943951023931953
0.41887902047863906	0.6283185307179586	0.41887902047863906
0.41887902047863906	0.6283185307179586	0.6283185307179586
0.41887902047863906	0.6283185307179586	0.8377580409572781
0.41887902047863906	0.6283185307179586	1.0471975511965976
0.41887902047863906	0.6283185307179586	1.2566370614359172
0.41887902047863906	0.6283185307179586	1.4660765716752366
0.41887902047863906	0.6283185307179586	1.6755160819145563
0.41887902047863906	0.6283185307179586	1.8849555921538759
0.41887902047863906	0.6283185307179586	2.0943951023931953
0.41887902047863906	0.6283185307179586	2.3038346126325147
0.41887902047863906	0.6283185307179586	2.5132741228718345
0.41887902047863906	0.6283185307179586	2.722713633111154
0.41887902047863906	0.6283185307179586	2.9321531433504733
0.41887902047863906	0.6283185307179586	3.141592653589793
0.41887902047863906	0.6283185307179586	3.3510321638291125
0.41887902047863906	0.6283185307179586	3.560471674068432
0.41887902047863906	0.6283185307179586	3.7699111843077517
0.41887902047863906	0.6283185307179586	3.979350694547071
0.41887902047863906	0.6283185307179586	4.1887902047863905
0.41887902047863906	0.6283185307179586	4.39822971502571
0.41887902047863906	0.6283185307179586	4.607669225265029
0.41887902047863906	0.6283185307179586	4.817108735504349
0.41887902047863906	0.6283185307179586	5.026548245743669
0.41887902047863906	0.6283185307179586	5.235987755982988
0.41887902047863906	0.6283185307179586	5.445427266222308
0.41887902047863906	0.6283185307179586	5.654866776461628
0.41887902047863906	0.6283185307179586	5.864306286700947
0.41887902047863906	0.6283185307179586	6.073745796940266
0.41887902047863906	0.7330382858376183	0.0
0.41887902047863906	0.7330382858376183	0.20943951023931953
0.41887902047863906	0.7330382858376183	0.41887902047863906
0.41887902047863906	0.7330382858376183	0.6283185307179586
0.41887902047863906	0.7330382858376183	0.8377580409572781
0.41887902047863906	0.7330382858376183	1.0471975511965976
0.41887902047863906	0.7330382858376183	1.2566370614359172
0.41887902047863906	0.7330382858376183	1.4660765716752366
0.41887902047863906	0.7330382858376183	1.6755160819145563
0.41887902047863906	0.7330382858376183	1.8849555921538759
0.41887902047863906	0.7330382858376183	2.0943951023931953
0.41887902047863906	0.7330382858376183	2.3038346126325147
0.41887902047863906	0.7330382858376183	2.5132741228718345
0.41887902047863906	0.7330382858376183	2.722713633111154
0.41887902047863906	0.7330382858376183	2.9321531433504733
0.41887902047863906	0.7330382858376183	3.141592653589793
0.41887902047863906	0.7330382858376183	3.3510321638291125
0.41887902047863906	0.7330382858376183	3.560471674068432
0.41887902047863906	0.7330382858376183	3.7699111843077517
0.41887902047863906	0.7330382858376183	3.979350694547071
0.41887902047863906	0.7330382858376183	4.1887902047863905
0.41887902047863906	0.7330382858376183	4.39822971502571
0.41887902047863906	0.7330382858376183	4.607669225265029
0.41887902047863906	0.7330382858376183	4.817108735504349
0.41887902047863906	0.7330382858376183	5.026548245743669
0.41887902047863906	0.7330382858376183	5.235987755982988
0.41887902047863906	0.7330382858376183	5.445427266222308
0.41887902047863906	0.7330382858376183	5.654866776461628
0.41887902047863906	0.7330382858376183	5.864306286700947
0.41887902047863906	0.7330382858376183	6.073745796940266
0.41887902047863906	0.8377580409572781	0.0
0.41887902047863906	0.8377580409572781	0.20943951023931953
0.41887902047863906	0.8377580409572781	0.41887902047863906
0.41887902047863906	0.8377580409572781	0.6283185307179586
0.41887902047863906	0.8377580409572781	0.8377580409572781
0.41887902047863906	0.8377580409572781	1.0471975511965976
0.41887902047863906	0.8377580409572781	1.2566370614359172
0.41887902047863906	0.8377580409572781	1.4660765716752366
0.41887902047863906	0.8377580409572781	1.6755160819145563
0.41887902047863906	0.8377580409572781	1.8849555921538759
0.41887902047863906	0.8377580409572781	2.0943951023931953
0.41887902047863906	0.8377580409572781	2.3038346126325147
0.41887902047863906	0.8377580409572781	2.5132741228718345
0.41887902047863906	0.8377580409572781	2.722713633111154
0.41887902047863906	0.8377580409572781	2.9321531433504733
0.41887902047863906	0.8377580409572781	3.141592653589793
0.41887902047863906	0.8377580409572781	3.3510321638291125
0.41887902047863906	0.8377580409572781	3.560471674068432
0.41887902047863906	0.8377580409572781	3.7699111843077517
0.41887902047863906	0.8377580409572781	3.979350694547071
0.41887902047863906	0.8377580409572781	4.1887902047863905
0.41887902047863906	0.8377580409572781	4.39822971502571
0.41887902047863906	0.8377580409572781	4.607669225265029
0.41887902047863906	0.8377580409572781	4.817108735504349
0.41887902047863906	0.8377580409572781	5.026548245743669
0.41887902047863906	0.8377580409572781	5.235987755982988
0.41887902047863906	0.8377580409572781	5.445427266222308
0.41887902047863906	0.8377580409572781	5.654866776461628
0.41887902047863906	0.8377580409572781	5.864306286700947
0.41887902047863906	0.8377580409572781	6.073745796940266
0.41887902047863906	0.9424777960769379	0.0
0.41887902047863906	0.9424777960769379	0.20943951023931953
0.41887902047863906	0.9424777960769379	0.41887902047863906
0.41887902047863906	0.9424777960769379	0.6283185307179586
0.41887902047863906	0.9424777960769379	0.8377580409572781
0.41887902047863906	0.9424777960769379	1.0471975511965976
0.41887902047863906	0.9424777960769379	1.2566370614359172
0.41887902047863906	0.9424777960769379	1.4660765716752366
0.41887902047863906	0.9424777960769379	1.6755160819145563
0.41887902047863906	0.9424777960769379	1.8849555921538759
0.41887902047863906	0.9424777960769379	2.0943951023931953
0.41887902047863906	0.9424777960769379	2.3038346126325147
0.41887902047863906	0.9424777960769379	2.5132741228718345
0.41887902047863906	0.9424777960769379	2.722713633111154
0.41887902047863906	0.9424777960769379	2.9321531433504733
0.41887902047863906	0.9424777960769379	3.141592653589793
0.41887902047863906	0.9424777960769379	3.3510321638291125
0.41887902047863906	0.9424777960769379	3.560471674068432
0.41887902047863906	0.9424777960769379	3.7699111843077517
0.41887902047863906	0.9424777960769379	3.979350694547071
0.41887902047863906	0.9424777960769379	4.1887902047863905
0.41887902047863906	0.9424777960769379	4.39822971502571
0.41887902047863906	0.9424777960769379	4.607669225265029
0.41887902047863906	0.9424777960769379	4.817108735504349
0.41887902047863906	0.9424777960769379	5.026548245743669
0.41887902047863906	0.9424777960769379	5.235987755982988
0.41887902047863906	0.9424777960769379	5.445427266222308
0.41887902047863906	0.9424777960769379	5.654866776461628
0.41887902047863906	0.9424777960769379	5.864306286700947
0.41887902047863906	0.9424777960769379	6.073745796940266
0.41887902047863906	1.0471975511965976	0.0
0.41887902047863906	1.0471975511965976	0.20943951023931953
0.41887902047863906	1.0471975511965976	0.41887902047863906
0.41887902047863906	1.0471975511965976	0.6283185307179586
0.41887902047863906	1.0471975511965976	0.8377580409572781
0.41887902047863906	1.0471975511965976	1.0471975511965976
0.41887902047863906	1.0471975511965976	1.2566370614359172
0.41887902047863906	1.0471975511965976	1.4660765716752366
0.41887902047863906	1.0471975511965976	1.6755160819145563
0.41887902047863906	1.0471975511965976	1.8849555921538759
0.41887902047863906	1.0471975511965976	2.0943951023931953
0.41887902047863906	1.0471975511965976	2.3038346126325147
0.41887902047863906	1.0471975511965976	2.5132741228718345
0.41887902047863906	1.0471975511965976	2.722713633111154
0.41887902047863906	1.0471975511965976	2.9321531433504733
0.41887902047863906	1.0471975511965976	3.141592653589793
0.41887902047863906	1.0471975511965976	3.3510321638291125
0.41887902047863906	1.0471975511965976	3.560471674068432
0.41887902047863906	1.0471975511965976	3.7699111843077517
0.41887902047863906	1.0471975511965976	3.979350694547071
0.41887902047863906	1.0471975511965976	4.1887902047863905
0.41887902047863906	1.0471975511965976	4.39822971502571
0.41887902047863906	1.0471975511965976	4.607669225265029
0.41887902047863906	1.0471975511965976	4.817108735504349
0.41887902047863906	1.0471975511965976	5.026548245743669
0.41887902047863906	1.0471975511965976	5.235987755982988
0.41887902047863906	1.0471975511965976	5.445427266222308
0.41887902047863906	1.0471975511965976	5.654866776461628
0.41887902047863906	1.0471975511965976	5.864306286700947
0.41887902047863906	1.0471975511965976	6.073745796940266
0.41887902047863906	1.1519173063162573	0.0
0.41887902047863906	1.1519173063162573	0.20943951023931953
0.41887902047863906	1.1519173063162573	0.41887902047863906
0.41887902047863906	1.1519173063162573	0.6283185307179586
0.41887902047863906	1.1519173063162573	0.8377580409572781
0.41887902047863906	1.1519173063162573	1.0471975511965976
0.41887902047863906	1.1519173063162573	1.2566370614359172
0.41887902047863906	1.1519173063162573	1.4660765716752366
0.41887902047863906	1.1519173063162573	1.6755160819145563
0.41887902047863906	1.1519173063162573	1.8849555921538759
0.41887902047863906	1.1519173063162573	2.0943951023931953
0.41887902047863906	1.1519173063162573	2.3038346126325147
0.41887902047863906	1.1519173063162573	2.5132741228718345
0.41887902047863906	1.1519173063162573	2.722713633111154
0.41887902047863906	1.1519173063162573	2.9321531433504733
0.41887902047863906	1.1519173063162573	3.141592653589793
0.41887902047863906	1.1519173063162573	3.3510321638291125
0.41887902047863906	1.1519173063162573	3.560471674068432
0.41887902047863906	1.1519173063162573	3.7699111843077517
0.41887902047863906	1.1519173063162573	3.979350694547071
0.41887902047863906	1.1519173063162573	4.1887902047863905
0.41887902047863906	1.1519173063162573	4.39822971502571
0.41887902047863906	1.1519173063162573	4.607669225265029
0.41887902047863906	1.1519173063162573	4.817108735504349
0.41887902047863906	1.1519173063162573	5.026548245743669
0.41887902047863906	1.1519173063162573	5.235987755982988
0.41887902047863906	1.1519173063162573	5.445427266222308
0.41887902047863906	1.1519173063162573	5.654866776461628
0.41887902047863906	1.1519173063162573	5.864306286700947
0.41887902047863906	1.1519173063162573	6.073745796940266
0.41887902047863906	1.2566370614359172	0.0
0.41887902047863906	1.2566370614359172	0.20943951023931953
0.41887902047863906	1.2566370614359172	0.41887902047863906
0.41887902047863906	1.2566370614359172	0.6283185307179586
0.41887902047863906	1.2566370614359172	0.8377580409572781
0.41887902047863906	1.2566370614359172	1.0471975511965976
0.41887902047863906	1.2566370614359172	1.2566370614359172
0.41887902047863906	1.2566370614359172	1.4660765716752366
0.41887902047863906	1.2566370614359172	1.6755160819145563
0.41887902047863906	1.2566370614359172	1.8849555921538759
0.41887902047863906	1.2566370614359172	2.0943951023931953
0.41887902047863906	1.2566370614359172	2.3038346126325147
0.41887902047863906	1.2566370614359172	2.5132741228718345
0.41887902047863906	1.2566370614359172	2.722713633111154
0.41887902047863906	1.2566370614359172	2.9321531433504733
0.41887902047863906	1.2566370614359172	3.141592653589793
0.41887902047863906	1.2566370614359172	3.3510321638291125
0.41887902047863906	1.2566370614359172	3.560471674068432
0.41887902047863906	1.2566370614359172	3.7699111843077517
0.41887902047863906	1.2566370614359172	3.979350694547071
0.41887902047863906	1.2566370614359172	4.1887902047863905
0.41887902047863906	1.2566370614359172	4.39822971502571
0.41887902047863906	1.2566370614359172	4.607669225265029
0.41887902047863906	1.2566370614359172	4.817108735504349
0.41887902047863906	1.2566370614359172	5.026548245743669
0.41887902047863906	1.2566370614359172	5.235987755982988
0.41887902047863906	1.2566370614359172	5.445427266222308
0.41887902047863906	1.2566370614359172	5.654866776461628
0.41887902047863906	1.2566370614359172	5.864306286700947
0.41887902047863906	1.2566370614359172	6.073745796940266
0.41887902047863906	1.361356816555577	0.0
0.41887902047863906	1.361356816555577	0.20943951023931953
0.41887902047863906	1.361356816555577	0.41887902047863906
0.41887902047863906	1.361356816555577	0.6283185307179586
0.41887902047863906	1.361356816555577	0.8377580409572781
0.41887902047863906	1.361356816555577	1.0471975511965976
0.41887902047863906	1.361356816555577	1.2566370614359172
0.41887902047863906	1.361356816555577	1.4660765716752366
0.41887902047863906	1.361356816555577	1.6755160819145563
0.41887902047863906	1.361356816555577	1.8849555921538759
0.41887902047863906	1.361356816555577	2.0943951023931953
0.41887902047863906	1.361356816555577	2.3038346126325147
0.41887902047863906	1.361356816555577	2.5132741228718345
0.41887902047863906	1.361356816555577	2.722713633111154
0.41887902047863906	1.361356816555577	2.9321531433504733
0.41887902047863906	1.361356816555577	3.141592653589793
0.41887902047863906	1.361356816555577	3.3510321638291125
0.41887902047863906	1.361356816555577	3.560471674068432
0.41887902047863906	1.361356816555577	3.7699111843077517
0.41887902047863906	1.361356816555577	3.979350694547071
0.41887902047863906	1.361356816555577	4.1887902047863905
0.41887902047863906	1.361356816555577	4.39822971502571
0.41887902047863906	1.361356816555577	4.607669225265029
0.41887902047863906	1.361356816555577	4.817108735504349
0.41887902047863906	1.361356816555577	5.026548245743669
0.41887902047863906	1.361356816555577	5.235987755982988
0.41887902047863906	1.361356816555577	5.445427266222308
0.41887902047863906	1.361356816555577	5.654866776461628
0.41887902047863906	1.361356816555577	5.864306286700947
0.41887902047863906	1.361356816555577	6.073745796940266
0.41887902047863906	1.4660765716752366	0.0
0.41887902047863906	1.4660765716752366	0.20943951023931953
0.41887902047863906	1.4660765716752366	0.41887902047863906
0.41887902047863906	1.4660765716752366	0.6283185307179586
0.41887902047863906	1.4660765716752366	0.8377580409572781
0.41887902047863906	1.4660765716752366	1.0471975511965976
0.41887902047863906	1.4660765716752366	1.2566370614359172
0.41887902047863906	1.4660765716752366	1.4660765716752366
0.41887902047863906	1.4660765716752366	1.6755160819145563
0.41887902047863906	1.4660765716752366	1.8849555921538759
0.41887902047863906	1.4660765716752366	2.0943951023931953
0.41887902047863906	1.4660765716752366	2.3038346126325147
0.41887902047863906	1.4660765716752366	2.5132741228718345
0.41887902047863906	1.4660765716752366	2.722713633111154
0.41887902047863906	1.4660765716752366	2.9321531433504733
0.41887902047863906	1.4660765716752366	3.141592653589793
0.41887902047863906	1.4660765716752366	3.3510321638291125
0.41887902047863906	1.4660765716752366	3.560471674068432
0.41887902047863906	1.4660765716752366	3.7699111843077517
0.41887902047863906	1.4660765716752366	3.979350694547071
0.41887902047863906	1.4660765716752366	4.1887902047863905
0.41887902047863906	1.4660765716752366	4.39822971502571
0.41887902047863906	1.4660765716752366	4.607669225265029
0.41887902047863906	1.4660765716752366	4.817108735504349
0.41887902047863906	1.4660765716752366	5.026548245743669
0.41887902047863906	1.4660765716752366	5.235987755982988
0.41887902047863906	1.4660765716752366	5.445427266222308
0.41887902047863906	1.4660765716752366	5.654866776461628
0.41887902047863906	1.4660765716752366	5.864306286700947
0.41887902047863906	1.4660765716752366	6.073745796940266
0.5235987755982988	0.0	0.0
0.5235987755982988	0.0	0.20943951023931953
0.5235987755982988	0.0	0.41887902047863906
0.5235987755982988	0.0	0.6283185307179586
0.5235987755982988	0.0	0.8377580409572781
0.5235987755982988	0.0	1.0471975511965976
0.5235987755982988	0.0	1.2566370614359172
0.5235987755982988	0.0	1.4660765716752366
0.5235987755982988	0.0	1.6755160819145563
0.5235987755982988	0.0	1.8849555921538759
0.5235987755982988	0.0	2.0943951023931953
0.5235987755982988	0.0	2.3038346126325147
0.5235987755982988	0.0	2.5132741228718345
0.5235987755982988	0.0	2.722713633111154
0.5235987755982988	0.0	2.9321531433504733
0.5235987755982988	0.0	3.141592653589793
0.5235987755982988	0.0	3.3510321638291125
0.5235987755982988	0.0	3.560471674068432
0.5235987755982988	0.0	3.7699111843077517
0.5235987755982988	0.0	3.979350694547071
0.5235987755982988	0.0	4.1887902047863905
0.5235987755982988	0.0	4.39822971502571
0.5235987755982988	0.0	4.607669225265029
0.5235987755982988	0.0	4.817108735504349
0.5235987755982988	0.0	5.026548245743669
0.5235987755982988	0.0	5.235987755982988
0.5235987755982988	0.0	5.445427266222308
0.5235987755982988	0.0	5.654866776461628
0.5235987755982988	0.0	5.864306286700947
0.5235987755982988	0.0	6.073745796940266
0.5235987755982988	0.10471975511965977	0.0
0.5235987755982988	0.10471975511965977	0.20943951023931953
0.5235987755982988	0.10471975511965977	0.41887902047863906
0.5235987755982988	0.10471975511965977	0.6283185307179586
0.5235987755982988	0.10471975511965977	0.8377580409572781
0.5235987755982988	0.10471975511965977	1.0471975511965976
0.5235987755982988	0.10471975511965977	1.2566370614359172
0.5235987755982988	0.10471975511965977	1.4660765716752366
0.5235987755982988	0.10471975511965977	1.6755160819145563
0.5235987755982988	0.10471975511965977	1.8849555921538759
0.5235987755982988	0.10471975511965977	2.0943951023931953
0.5235987755982988	0.10471975511965977	2.3038346126325147
0.5235987755982988	0.10471975511965977	2.5132741228718345
0.5235987755982988	0.10471975511965977	2.722713633111154
0.5235987755982988	0.10471975511965977	2.9321531433504733
0.5235987755982988	0.10471975511965977	3.141592653589793
0.5235987755982988	0.10471975511965977	3.3510321638291125
0.5235987755982988	0.10471975511965977	3.560471674068432
0.5235987755982988	0.10471975511965977	3.7699111843077517
0.5235987755982988	0.10471975511965977	3.979350694547071
0.5235987755982988	0.10471975511965977	4.1887902047863905
0.5235987755982988	0.10471975511965977	4.39822971502571
0.5235987755982988	0.10471975511965977	4.607669225265029
0.5235987755982988	0.10471975511965977	4.817108735504349
0.5235987755982988	0.10471975511965977	5.026548245743669
0.5235987755982988	0.10471975511965977	5.235987755982988
0.5235987755982988	0.10471975511965977	5.445427266222308
0.5235987755982988	0.10471975511965977	5.654866776461628
0.5235987755982988	0.10471975511965977	5.864306286700947
0.5235987755982988	0.10471975511965977	6.073745796940266
0.5235987755982988	0.20943951023931953	0.0
0.5235987755982988	0.20943951023931953	0.20943951023931953
0.5235987755982988	0.20943951023931953	0.41887902047863906
0.5235987755982988	0.20943951023931953	0.6283185307179586
0.5235987755982988	0.20943951023931953	0.8377580409572781
0.5235987755982988	0.20943951023931953	1.0471975511965976
0.5235987755982988	0.20943951023931953	1.2566370614359172
0.5235987755982988	0.20943951023931953	1.4660765716752366
0.5235987755982988	0.20943951023931953	1.6755160819145563
0.5235987755982988	0.20943951023931953	1.8849555921538759
0.5235987755982988	0.20943951023931953	2.0943951023931953
0.5235987755982988	0.20943951023931953	2.3038346126325147
0.5235987755982988	0.20943951023931953	2.5132741228718345
0.5235987755982988	0.20943951023931953	2.722713633111154
0.5235987755982988	0.20943951023931953	2.9321531433504733
0.5235987755982988	0.20943951023931953	3.141592653589793
0.5235987755982988	0.20943951023931953	3.3510321638291125
0.5235987755982988	0.20943951023931953	3.560471674068432
0.5235987755982988	0.20943951023931953	3.7699111843077517
0.5235987755982988	0.20943951023931953	3.979350694547071
0.5235987755982988	0.20943951023931953	4.1887902047863905
0.5235987755982988	0.20943951023931953	4.39822971502571
0.5235987755982988	0.20943951023931953	4.607669225265029
0.5235987755982988	0.20943951023931953	4.817108735504349
0.5235987755982988	0.20943951023931953	5.026548245743669
0.5235987755982988	0.20943951023931953	5.235987755982988
0.5235987755982988	0.20943951023931953	5.445427266222308
0.5235987755982988	0.20943951023931953	5.654866776461628
0.5235987755982988	0.20943951023931953	5.864306286700947
0.5235987755982988	0.20943951023931953	6.073745796940266
0.5235987755982988	0.3141592653589793	0.0
0.5235987755982988	0.3141592653589793	0.20943951023931953
0.5235987755982988	0.3141592653589793	0.41887902047863906
0.5235987755982988	0.3141592653589793	0.6283185307179586
0.5235987755982988	0.3141592653589793	0.8377580409572781
0.5235987755982988	0.3141592653589793	1.0471975511965976
0.5235987755982988	0.3141592653589793	1.2566370614359172
0.5235987755982988	0.3141592653589793	1.4660765716752366
0.5235987755982988	0.3141592653589793	1.6755160819145563
0.5235987755982988	0.3141592653589793	1.8849555921538759
0.5235987755982988	0.3141592653589793	2.0943951023931953
0.5235987755982988	0.3141592653589793	2.3038346126325147
0.5235987755982988	0.3141592653589793	2.5132741228718345
0.5235987755982988	0.3141592653589793	2.722713633111154
0.5235987755982988	0.3141592653589793	2.9321531433504733
0.5235987755982988	0.3141592653589793	3.141592653589793
0.5235987755982988	0.3141592653589793	3.3510321638291125
0.5235987755982988	0.3141592653589793	3.560471674068432
0.5235987755982988	0.3141592653589793	3.7699111843077517
0.5235987755982988	0.3141592653589793	3.979350694547071
0.5235987755982988	0.3141592653589793	4.1887902047863905
0.5235987755982988	0.3141592653589793	4.39822971502571
0.5235987755982988	0.3141592653589793	4.607669225265029
0.5235987755982988	0.3141592653589793	4.817108735504349
0.5235987755982988	0.3141592653589793	5.026548245743669
0.5235987755982988	0.3141592653589793	5.235987755982988
0.5235987755982988	0.3141592653589793	5.445427266222308
0.5235987755982988	0.3141592653589793	5.654866776461628
0.5235987755982988	0.3141592653589793	5.864306286700947
0.5235987755982988	0.3141592653589793	6.073745796940266
0.5235987755982988	0.41887902047863906	0.0
0.5235987755982988	0.41887902047863906	0.20943951023931953
0.5235987755982988	0.41887902047863906	0.41887902047863906
0.5235987755982988	0.41887902047863906	0.6283185307179586
0.5235987755982988	0.41887902047863906	0.8377580409572781
0.5235987755982988	0.41887902047863906	1.0471975511965976
0.5235987755982988	0.41887902047863906	1.2566370614359172
0.5235987755982988	0.41887902047863906	1.4660765716752366
0.5235987755982988	0.41887902047863906	1.6755160819145563
0.5235987755982988	0.41887902047863906	1.8849555921538759
0.5235987755982988	0.41887902047863906	2.0943951023931953
0.5235987755982988	0.41887902047863906	2.3038346126325147
0.5235987755982988	0.41887902047863906	2.5132741228718345
0.5235987755982988	0.41887902047863906	2.722713633111154
0.5235987755982988	0.41887902047863906	2.9321531433504733
0.5235987755982988	0.41887902047863906	3.141592653589793
0.5235987755982988	0.41887902047863906	3.3510321638291125
0.5235987755982988	0.41887902047863906	3.560471674068432
0.5235987755982988	0.41887902047863906	3.7699111843077517
0.5235987755982988	0.41887902047863906	3.979350694547071
0.5235987755982988	0.41887902047863906	4.1887902047863905
0.5235987755982988	0.41887902047863906	4.39822971502571
0.5235987755982988	0.41887902047863906	4.607669225265029
0.5235987755982988	0.41887902047863906	4.817108735504349
0.5235987755982988	0.41887902047863906	5.026548245743669
0.5235987755982988	0.41887902047863906	5.235987755982988
0.5235987755982988	0.41887902047863906	5.445427266222308
0.5235987755982988	0.41887902047863906	5.654866776461628
0.5235987755982988	0.41887902047863906	5.864306286700947
0.5235987755982988	0.41887902047863906	6.073745796940266
0.5235987755982988	0.5235987755982988	0.0
0.5235987755982988	0.5235987755982988	0.20943951023931953
0.5235987755982988	0.5235987755982988	0.41887902047863906
0.5235987755982988	0.5235987755982988	0.6283185307179586
0.5235987755982988	0.5235987755982988	0.8377580409572781
0.5235987755982988	0.5235987755982988	1.0471975511965976
0.5235987755982988	0.5235987755982988	1.2566370614359172
0.5235987755982988	0.5235987755982988	1.4660765716752366
0.5235987755982988	0.5235987755982988	1.6755160819145563
0.5235987755982988	0.5235987755982988	1.8849555921538759
0.5235987755982988	0.5235987755982988	2.0943951023931953
0.5235987755982988	0.5235987755982988	2.3038346126325147
0.5235987755982988	0.5235987755982988	2.5132741228718345
0.5235987755982988	0.5235987755982988	2.722713633111154
0.5235987755982988	0.5235987755982988	2.9321531433504733
0.5235987755982988	0.5235987755982988	3.141592653589793
0.5235987755982988	0.5235987755982988	3.3510321638291125
0.5235987755982988	0.5235987755982988	3.560471674068432
0.5235987755982988	0.5235987755982988	3.7699111843077517
0.5235987755982988	0.5235987755982988	3.979350694547071
0.5235987755982988	0.5235987755982988	4.1887902047863905
0.5235987755982988	0.5235987755982988	4.39822971502571
0.5235987755982988	0.5235987755982988	4.607669225265029
0.5235987755982988	0.5235987755982988	4.817108735504349
0.5235987755982988	0.5235987755982988	5.026548245743669
0.5235987755982988	0.5235987755982988	5.235987755982988
0.5235987755982988	0.5235987755982988	5.445427266222308
0.5235987755982988	0.5235987755982988	5.654866776461628
0.5235987755982988	0.5235987755982988	5.864306286700947
0.5235987755982988	0.5235987755982988	6.073745796940266
0.5235987755982988	0.6283185307179586	0.0
0.5235987755982988	0.6283185307179586	0.20943951023931953
0.5235987755982988	0.6283185307179586	0.41887902047863906
0.5235987755982988	0.6283185307179586	0.6283185307179586
0.5235987755982988	0.6283185307179586	0.8377580409572781
0.5235987755982988	0.6283185307179586	1.0471975511965976
0.5235987755982988	0.6283185307179586	1.2566370614359172
0.5235987755982988	0.6283185307179586	1.4660765716752366
0.5235987755982988	0.6283185307179586	1.6755160819145563
0.5235987755982988	0.6283185307179586	1.8849555921538759
0.5235987755982988	0.6283185307179586	2.0943951023931953
0.5235987755982988	0.6283185307179586	2.3038346126325147
0.5235987755982988	0.6283185307179586	2.5132741228718345
0.5235987755982988	0.6283185307179586	2.722713633111154
0.5235987755982988	0.6283185307179586	2.9321531433504733
0.5235987755982988	0.6283185307179586	3.141592653589793
0.5235987755982988	0.6283185307179586	3.3510321638291125
0.5235987755982988	0.6283185307179586	3.560471674068432
0.5235987755982988	0.6283185307179586	3.7699111843077517
0.5235987755982988	0.6283185307179586	3.979350694547071
0.5235987755982988	0.6283185307179586	4.1887902047863905
0.5235987755982988	0.6283185307179586	4.39822971502571
0.5235987755982988	0.6283185307179586	4.607669225265029
0.5235987755982988	0.6283185307179586	4.817108735504349
0.5235987755982988	0.6283185307179586	5.026548245743669
0.5235987755982988	0.6283185307179586	5.235987755982988
0.5235987755982988	0.6283185307179586	5.445427266222308
0.5235987755982988	0.6283185307179586	5.654866776461628
0.5235987755982988	0.6283185307179586	5.864306286700947
0.5235987755982988	0.6283185307179586	6.073745796940266
0.5235987755982988	0.7330382858376183	0.0
0.5235987755982988	0.7330382858376183	0.20943951023931953
0.5235987755982988	0.7330382858376183	0.41887902047863906
0.5235987755982988	0.7330382858376183	0.6283185307179586
0.5235987755982988	0.7330382858376183	0.8377580409572781
0.5235987755982988	0.7330382858376183	1.0471975511965976
0.5235987755982988	0.7330382858376183	1.2566370614359172
0.5235987755982988	0.7330382858376183	1.4660765716752366
0.5235987755982988	0.7330382858376183	1.6755160819145563
0.5235987755982988	0.7330382858376183	1.8849555921538759
0.5235987755982988	0.7330382858376183	2.0943951023931953
0.5235987755982988	0.7330382858376183	2.3038346126325147
0.5235987755982988	0.7330382858376183	2.5132741228718345
0.5235987755982988	0.7330382858376183	2.722713633111154
0.5235987755982988	0.7330382858376183	2.9321531433504733
0.5235987755982988	0.7330382858376183	3.141592653589793
0.5235987755982988	0.7330382858376183	3.3510321638291125
0.5235987755982988	0.7330382858376183	3.560471674068432
0.5235987755982988	0.7330382858376183	3.7699111843077517
0.5235987755982988	0.7330382858376183	3.979350694547071
0.5235987755982988	0.7330382858376183	4.1887902047863905
0.5235987755982988	0.7330382858376183	4.39822971502571
0.5235987755982988	0.7330382858376183	4.607669225265029
0.5235987755982988	0.7330382858376183	4.817108735504349
0.5235987755982988	0.7330382858376183	5.026548245743669
0.5235987755982988	0.7330382858376183	5.235987755982988
0.5235987755982988	0.7330382858376183	5.445427266222308
0.5235987755982988	0.7330382858376183	5.654866776461628
0.5235987755982988	0.7330382858376183	5.864306286700947
0.5235987755982988	0.7330382858376183	6.073745796940266
0.5235987755982988	0.8377580409572781	0.0
0.5235987755982988	0.8377580409572781	0.20943951023931953
0.5235987755982988	0.8377580409572781	0.41887902047863906
0.5235987755982988	0.8377580409572781	0.6283185307179586
0.5235987755982988	0.8377580409572781	0.8377580409572781
0.5235987755982988	0.8377580409572781	1.0471975511965976
0.5235987755982988	0.8377580409572781	1.2566370614359172
0.5235987755982988	0.8377580409572781	1.4660765716752366
0.5235987755982988	0.8377580409572781	1.6755160819145563
0.5235987755982988	0.8377580409572781	1.8849555921538759
0.5235987755982988	0.8377580409572781	2.0943951023931953
0.5235987755982988	0.8377580409572781	2.3038346126325147
0.5235987755982988	0.8377580409572781	2.5132741228718345
0.5235987755982988	0.8377580409572781	2.722713633111154
0.5235987755982988	0.8377580409572781	2.9321531433504733
0.5235987755982988	0.8377580409572781	3.141592653589793
0.5235987755982988	0.8377580409572781	3.3510321638291125
0.5235987755982988	0.8377580409572781	3.560471674068432
0.5235987755982988	0.8377580409572781	3.7699111843077517
0.5235987755982988	0.8377580409572781	3.979350694547071
0.5235987755982988	0.8377580409572781	4.1887902047863905
0.5235987755982988	0.8377580409572781	4.39822971502571
0.5235987755982988	0.8377580409572781	4.607669225265029
0.5235987755982988	0.8377580409572781	4.817108735504349
0.5235987755982988	0.8377580409572781	5.026548245743669
0.5235987755982988	0.8377580409572781	5.235987755982988
0.5235987755982988	0.8377580409572781	5.445427266222308
0.5235987755982988	0.8377580409572781	5.654866776461628
0.5235987755982988	0.8377580409572781	5.864306286700947
0.5235987755982988	0.8377580409572781	6.073745796940266
0.5235987755982988	0.9424777960769379	0.0
0.5235987755982988	0.9424777960769379	0.20943951023931953
0.5235987755982988	0.9424777960769379	0.41887902047863906
0.5235987755982988	0.9424777960769379	0.6283185307179586
0.5235987755982988	0.9424777960769379	0.8377580409572781
0.5235987755982988	0.9424777960769379	1.0471975511965976
0.5235987755982988	0.9424777960769379	1.2566370614359172
0.5235987755982988	0.9424777960769379	1.4660765716752366
0.5235987755982988	0.9424777960769379	1.6755160819145563
0.5235987755982988	0.9424777960769379	1.8849555921538759
0.5235987755982988	0.9424777960769379	2.0943951023931953
0.5235987755982988	0.9424777960769379	2.3038346126325147
0.5235987755982988	0.9424777960769379	2.5132741228718345
0.5235987755982988	0.9424777960769379	2.722713633111154
0.5235987755982988	0.9424777960769379	2.9321531433504733
0.5235987755982988	0.9424777960769379	3.141592653589793
0.5235987755982988	0.9424777960769379	3.3510321638291125
0.5235987755982988	0.9424777960769379	3.560471674068432
0.5235987755982988	0.9424777960769379	3.7699111843077517
0.5235987755982988	0.9424777960769379	3.979350694547071
0.5235987755982988	0.9424777960769379	4.1887902047863905
0.5235987755982988	0.9424777960769379	4.39822971502571
0.5235987755982988	0.9424777960769379	4.607669225265029
0.5235987755982988	0.9424777960769379	4.817108735504349
0.5235987755982988	0.9424777960769379	5.026548245743669
0.5235987755982988	0.9424777960769379	5.235987755982988
0.5235987755982988	0.9424777960769379	5.445427266222308
0.5235987755982988	0.9424777960769379	5.654866776461628
0.5235987755982988	0.9424777960769379	5.864306286700947
0.5235987755982988	0.9424777960769379	6.073745796940266
0.5235987755982988	1.0471975511965976	0.0
0.5235987755982988	1.0471975511965976	0.20943951023931953
0.5235987755982988	1.0471975511965976	0.41887902047863906
0.5235987755982988	1.0471975511965976	0.6283185307179586
0.5235987755982988	1.0471975511965976	0.8377580409572781
0.5235987755982988	1.0471975511965976	1.0471975511965976
0.5235987755982988	1.0471975511965976	1.2566370614359172
0.5235987755982988	1.0471975511965976	1.4660765716752366
0.5235987755982988	1.0471975511965976	1.6755160819145563
0.5235987755982988	1.0471975511965976	1.8849555921538759
0.5235987755982988	1.0471975511965976	2.0943951023931953
0.5235987755982988	1.0471975511965976	2.3038346126325147
0.5235987755982988	1.0471975511965976	2.5132741228718345
0.5235987755982988	1.0471975511965976	2.722713633111154
0.5235987755982988	1.0471975511965976	2.9321531433504733
0.5235987755982988	1.0471975511965976	3.141592653589793
0.5235987755982988	1.0471975511965976	3.3510321638291125
0.5235987755982988	1.0471975511965976	3.560471674068432
0.5235987755982988	1.0471975511965976	3.7699111843077517
0.5235987755982988	1.0471975511965976	3.979350694547071
0.5235987755982988	1.0471975511965976	4.1887902047863905
0.5235987755982988	1.0471975511965976	4.39822971502571
0.5235987755982988	1.0471975511965976	4.607669225265029
0.5235987755982988	1.0471975511965976	4.817108735504349
0.5235987755982988	1.0471975511965976	5.026548245743669
0.5235987755982988	1.0471975511965976	5.235987755982988
0.5235987755982988	1.0471975511965976	5.445427266222308
0.5235987755982988	1.0471975511965976	5.654866776461628
0.5235987755982988	1.0471975511965976	5.864306286700947
0.5235987755982988	1.0471975511965976	6.073745796940266
0.5235987755982988	1.1519173063162573	0.0
0.5235987755982988	1.1519173063162573	0.20943951023931953
0.5235987755982988	1.1519173063162573	0.41887902047863906
0.5235987755982988	1.1519173063162573	0.6283185307179586
0.5235987755982988	1.1519173063162573	0.8377580409572781
0.5235987755982988	1.1519173063162573	1.0471975511965976
0.5235987755982988	1.1519173063162573	1.2566370614359172
0.5235987755982988	1.1519173063162573	1.4660765716752366
0.5235987755982988	1.1519173063162573	1.6755160819145563
0.5235987755982988	1.1519173063162573	1.8849555921538759
0.5235987755982988	1.1519173063162573	2.0943951023931953
0.5235987755982988	1.1519173063162573	2.3038346126325147
0.5235987755982988	1.1519173063162573	2.5132741228718345
0.5235987755982988	1.1519173063162573	2.722713633111154
0.5235987755982988	1.1519173063162573	2.9321531433504733
0.5235987755982988	1.1519173063162573	3.141592653589793
0.5235987755982988	1.1519173063162573	3.3510321638291125
0.5235987755982988	1.1519173063162573	3.560471674068432
0.5235987755982988	1.1519173063162573	3.7699111843077517
0.5235987755982988	1.1519173063162573	3.979350694547071
0.5235987755982988	1.1519173063162573	4.1887902047863905
0.5235987755982988	1.1519173063162573	4.39822971502571
0.5235987755982988	1.1519173063162573	4.607669225265029
0.5235987755982988	1.1519173063162573	4.817108735504349
0.5235987755982988	1.1519173063162573	5.026548245743669
0.5235987755982988	1.1519173063162573	5.235987755982988
0.5235987755982988	1.1519173063162573	5.445427266222308
0.5235987755982988	1.1519173063162573	5.654866776461628
0.5235987755982988	1.1519173063162573	5.864306286700947
0.5235987755982988	1.1519173063162573	6.073745796940266
0.5235987755982988	1.2566370614359172	0.0
0.5235987755982988	1.2566370614359172	0.20943951023931953
0.5235987755982988	1.2566370614359172	0.41887902047863906
0.5235987755982988	1.2566370614359172	0.6283185307179586
0.5235987755982988	1.2566370614359172	0.8377580409572781
0.5235987755982988	1.2566370614359172	1.0471975511965976
0.5235987755982988	1.2566370614359172	1.2566370614359172
0.5235987755982988	1.2566370614359172	1.4660765716752366
0.5235987755982988	1.2566370614359172	1.6755160819145563
0.5235987755982988	1.2566370614359172	1.8849555921538759
0.5235987755982988	1.2566370614359172	2.0943951023931953
0.5235987755982988	1.2566370614359172	2.3038346126325147
0.5235987755982988	1.2566370614359172	2.5132741228718345
0.5235987755982988	1.2566370614359172	2.722713633111154
0.5235987755982988	1.2566370614359172	2.9321531433504733
0.5235987755982988	1.2566370614359172	3.141592653589793
0.5235987755982988	1.2566370614359172	3.3510321638291125
0.5235987755982988	1.2566370614359172	3.560471674068432
0.5235987755982988	1.2566370614359172	3.7699111843077517
0.5235987755982988	1.2566370614359172	3.979350694547071
0.5235987755982988	1.2566370614359172	4.1887902047863905
0.5235987755982988	1.2566370614359172	4.39822971502571
0.5235987755982988	1.2566370614359172	4.607669225265029
0.5235987755982988	1.2566370614359172	4.817108735504349
0.5235987755982988	1.2566370614359172	5.026548245743669
0.5235987755982988	1.2566370614359172	5.235987755982988
0.5235987755982988	1.2566370614359172	5.445427266222308
0.5235987755982988	1.2566370614359172	5.654866776461628
0.5235987755982988	1.2566370614359172	5.864306286700947
0.5235987755982988	1.2566370614359172	6.073745796940266
0.5235987755982988	1.361356816555577	0.0
0.5235987755982988	1.361356816555577	0.20943951023931953
0.5235987755982988	1.361356816555577	0.41887902047863906
0.5235987755982988	1.361356816555577	0.6283185307179586
0.5235987755982988	1.361356816555577	0.8377580409572781
0.5235987755982988	1.361356816555577	1.0471975511965976
0.5235987755982988	1.361356816555577	1.2566370614359172
0.5235987755982988	1.361356816555577	1.4660765716752366
0.5235987755982988	1.361356816555577	1.6755160819145563
0.5235987755982988	1.361356816555577	1.8849555921538759
0.5235987755982988	1.361356816555577	2.0943951023931953
0.5235987755982988	1.361356816555577	2.3038346126325147
0.5235987755982988	1.361356816555577	2.5132741228718345
0.5235987755982988	1.361356816555577	2.722713633111154
0.5235987755982988	1.361356816555577	2.9321531433504733
0.5235987755982988	1.361356816555577	3.141592653589793
0.5235987755982988	1.361356816555577	3.3510321638291125
0.5235987755982988	1.361356816555577	3.560471674068432
0.5235987755982988	1.361356816555577	3.7699111843077517
0.5235987755982988	1.361356816555577	3.979350694547071
0.5235987755982988	1.361356816555577	4.1887902047863905
0.5235987755982988	1.361356816555577	4.39822971502571
0.5235987755982988	1.361356816555577	4.607669225265029
0.5235987755982988	1.361356816555577	4.817108735504349
0.5235987755982988	1.361356816555577	5.026548245743669
0.5235987755982988	1.361356816555577	5.235987755982988
0.5235987755982988	1.361356816555577	5.445427266222308
0.5235987755982988	1.361356816555577	5.654866776461628
0.5235987755982988	1.361356816555577	5.864306286700947
0.5235987755982988	1.361356816555577	6.073745796940266
0.5235987755982988	1.4660765716752366	0.0
0.5235987755982988	1.4660765716752366	0.20943951023931953
0.5235987755982988	1.4660765716752366	0.41887902047863906
0.5235987755982988	1.4660765716752366	0.6283185307179586
0.5235987755982988	1.4660765716752366	0.8377580409572781
0.5235987755982988	1.4660765716752366	1.0471975511965976
0.5235987755982988	1.4660765716752366	1.2566370614359172
0.5235987755982988	1.4660765716752366	1.4660765716752366
0.5235987755982988	1.4660765716752366	1.6755160819145563
0.5235987755982988	1.4660765716752366	1.8849555921538759
0.5235987755982988	1.4660765716752366	2.0943951023931953
0.5235987755982988	1.4660765716752366	2.3038346126325147
0.5235987755982988	1.4660765716752366	2.5132741228718345
0.5235987755982988	1.4660765716752366	2.722713633111154
0.5235987755982988	1.4660765716752366	2.9321531433504733
0.5235987755982988	1.4660765716752366	3.141592653589793
0.5235987755982988	1.4660765716752366	3.3510321638291125
0.5235987755982988	1.4660765716752366	3.560471674068432
0.5235987755982988	1.4660765716752366	3.7699111843077517
0.5235987755982988	1.4660765716752366	3.979350694547071
0.5235987755982988	1.4660765716752366	4.1887902047863905
0.5235987755982988	1.4660765716752366	4.39822971502571
0.5235987755982988	1.4660765716752366	4.607669225265029
0.5235987755982988	1.4660765716752366	4.817108735504349
0.5235987755982988	1.4660765716752366	5.026548245743669
0.5235987755982988	1.4660765716752366	5.235987755982988
0.5235987755982988	1.4660765716752366	5.445427266222308
0.5235987755982988	1.4660765716752366	5.654866776461628
0.5235987755982988	1.4660765716752366	5.864306286700947
0.5235987755982988	1.4660765716752366	6.073745796940266
0.6283185307179586	0.0	0.0
0.6283185307179586	0.0	0.20943951023931953
0.6283185307179586	0.0	0.41887902047863906
0.6283185307179586	0.0	0.6283185307179586
0.6283185307179586	0.0	0.8377580409572781
0.6283185307179586	0.0	1.0471975511965976
0.6283185307179586	0.0	1.2566370614359172
0.6283185307179586	0.0	1.4660765716752366
0.6283185307179586	0.0	1.6755160819145563
0.6283185307179586	0.0	1.8849555921538759
0.6283185307179586	0.0	2.0943951023931953
0.6283185307179586	0.0	2.3038346126325147
0.6283185307179586	0.0	2.5132741228718345
0.6283185307179586	0.0	2.722713633111154
0.6283185307179586	0.0	2.9321531433504733
0.6283185307179586	0.0	3.141592653589793
0.6283185307179586	0.0	3.3510321638291125
0.6283185307179586	0.0	3.560471674068432
0.6283185307179586	0.0	3.7699111843077517
0.6283185307179586	0.0	3.979350694547071
0.6283185307179586	0.0	4.1887902047863905
0.6283185307179586	0.0	4.39822971502571
0.6283185307179586	0.0	4.607669225265029
0.6283185307179586	0.0	4.817108735504349
0.6283185307179586	0.0	5.026548245743669
0.6283185307179586	0.0	5.235987755982988
0.6283185307179586	0.0	5.445427266222308
0.6283185307179586	0.0	5.654866776461628
0.6283185307179586	0.0	5.864306286700947
0.6283185307179586	0.0	6.073745796940266
0.6283185307179586	0.10471975511965977	0.0
0.6283185307179586	0.10471975511965977	0.20943951023931953
0.6283185307179586	0.10471975511965977	0.41887902047863906
0.6283185307179586	0.10471975511965977	0.6283185307179586
0.6283185307179586	0.10471975511965977	0.8377580409572781
0.6283185307179586	0.10471975511965977	1.0471975511965976
0.6283185307179586	0.10471975511965977	1.2566370614359172
0.6283185307179586	0.10471975511965977	1.4660765716752366
0.6283185307179586	0.10471975511965977	1.6755160819145563
0.6283185307179586	0.10471975511965977	1.8849555921538759
0.6283185307179586	0.10471975511965977	2.0943951023931953
0.6283185307179586	0.10471975511965977	2.3038346126325147
0.6283185307179586	0.10471975511965977	2.5132741228718345
0.6283185307179586	0.10471975511965977	2.722713633111154
0.6283185307179586	0.10471975511965977	2.9321531433504733
0.6283185307179586	0.10471975511965977	3.141592653589793
0.6283185307179586	0.10471975511965977	3.3510321638291125
0.6283185307179586	0.10471975511965977	3.560471674068432
0.6283185307179586	0.10471975511965977	3.7699111843077517
0.6283185307179586	0.10471975511965977	3.979350694547071
0.6283185307179586	0.10471975511965977	4.1887902047863905
0.6283185307179586	0.10471975511965977	4.39822971502571
0.6283185307179586	0.10471975511965977	4.607669225265029
0.6283185307179586	0.10471975511965977	4.817108735504349
0.6283185307179586	0.10471975511965977	5.026548245743669
0.6283185307179586	0.10471975511965977	5.235987755982988
0.6283185307179586	0.10471975511965977	5.445427266222308
0.6283185307179586	0.10471975511965977	5.654866776461628
0.6283185307179586	0.10471975511965977	5.864306286700947
0.6283185307179586	0.10471975511965977	6.073745796940266
0.6283185307179586	0.20943951023931953	0.0
0.6283185307179586	0.20943951023931953	0.20943951023931953
0.6283185307179586	0.20943951023931953	0.41887902047863906
0.6283185307179586	0.20943951023931953	0.6283185307179586
0.6283185307179586	0.20943951023931953	0.8377580409572781
0.6283185307179586	0.20943951023931953	1.0471975511965976
0.6283185307179586	0.20943951023931953	1.2566370614359172
0.6283185307179586	0.20943951023931953	1.4660765716752366
0.6283185307179586	0.20943951023931953	1.6755160819145563
0.6283185307179586	0.20943951023931953	1.8849555921538759
0.6283185307179586	0.20943951023931953	2.0943951023931953
0.6283185307179586	0.20943951023931953	2.3038346126325147
0.6283185307179586	0.20943951023931953	2.5132741228718345
0.6283185307179586	0.20943951023931953	2.722713633111154
0.6283185307179586	0.20943951023931953	2.9321531433504733
0.6283185307179586	0.20943951023931953	3.141592653589793
0.6283185307179586	0.20943951023931953	3.3510321638291125
0.6283185307179586	0.20943951023931953	3.560471674068432
0.6283185307179586	0.20943951023931953	3.7699111843077517
0.6283185307179586	0.20943951023931953	3.979350694547071
0.6283185307179586	0.20943951023931953	4.1887902047863905
0.6283185307179586	0.20943951023931953	4.39822971502571
0.6283185307179586	0.20943951023931953	4.607669225265029
0.6283185307179586	0.20943951023931953	4.817108735504349
0.6283185307179586	0.20943951023931953	5.026548245743669
0.6283185307179586	0.20943951023931953	5.235987755982988
0.6283185307179586	0.20943951023931953	5.445427266222308
0.6283185307179586	0.20943951023931953	5.654866776461628
0.6283185307179586	0.20943951023931953	5.864306286700947
0.6283185307179586	0.20943951023931953	6.073745796940266
0.6283185307179586	0.3141592653589793	0.0
0.6283185307179586	0.3141592653589793	0.20943951023931953
0.6283185307179586	0.3141592653589793	0.41887902047863906
0.6283185307179586	0.3141592653589793	0.6283185307179586
0.6283185307179586	0.3141592653589793	0.8377580409572781
0.6283185307179586	0.3141592653589793	1.0471975511965976
0.6283185307179586	0.3141592653589793	1.2566370614359172
0.6283185307179586	0.3141592653589793	1.4660765716752366
0.6283185307179586	0.3141592653589793	1.6755160819145563
0.6283185307179586	0.3141592653589793	1.8849555921538759
0.6283185307179586	0.3141592653589793	2.0943951023931953
0.6283185307179586	0.3141592653589793	2.3038346126325147
0.6283185307179586	0.3141592653589793	2.5132741228718345
0.6283185307179586	0.3141592653589793	2.722713633111154
0.6283185307179586	0.3141592653589793	2.9321531433504733
0.6283185307179586	0.3141592653589793	3.141592653589793
0.6283185307179586	0.3141592653589793	3.3510321638291125
0.6283185307179586	0.3141592653589793	3.560471674068432
0.6283185307179586	0.3141592653589793	3.7699111843077517
0.6283185307179586	0.3141592653589793	3.979350694547071
0.6283185307179586	0.3141592653589793	4.1887902047863905
0.6283185307179586	0.3141592653589793	4.39822971502571
0.6283185307179586	0.3141592653589793	4.607669225265029
0.6283185307179586	0.3141592653589793	4.817108735504349
0.6283185307179586	0.3141592653589793	5.026548245743669
0.6283185307179586	0.3141592653589793	5.235987755982988
0.6283185307179586	0.3141592653589793	5.445427266222308
0.6283185307179586	0.3141592653589793	5.654866776461628
0.6283185307179586	0.3141592653589793	5.864306286700947
0.6283185307179586	0.3141592653589793	6.073745796940266
0.6283185307179586	0.41887902047863906	0.0
0.6283185307179586	0.41887902047863906	0.20943951023931953
0.6283185307179586	0.41887902047863906	0.41887902047863906
0.6283185307179586	0.41887902047863906	0.6283185307179586
0.6283185307179586	0.41887902047863906	0.8377580409572781
0.6283185307179586	0.41887902047863906	1.0471975511965976
0.6283185307179586	0.41887902047863906	1.2566370614359172
0.6283185307179586	0.41887902047863906	1.4660765716752366
0.6283185307179586	0.41887902047863906	1.6755160819145563
0.6283185307179586	0.41887902047863906	1.8849555921538759
0.6283185307179586	0.41887902047863906	2.0943951023931953
0.6283185307179586	0.41887902047863906	2.3038346126325147
0.6283185307179586	0.41887902047863906	2.5132741228718345
0.6283185307179586	0.41887902047863906	2.722713633111154
0.6283185307179586	0.41887902047863906	2.9321531433504733
0.6283185307179586	0.41887902047863906	3.141592653589793
0.6283185307179586	0.41887902047863906	3.3510321638291125
0.6283185307179586	0.41887902047863906	3.560471674068432
0.6283185307179586	0.41887902047863906	3.7699111843077517
0.6283185307179586	0.41887902047863906	3.979350694547071
0.6283185307179586	0.41887902047863906	4.1887902047863905
0.6283185307179586	0.41887902047863906	4.39822971502571
0.6283185307179586	0.41887902047863906	4.607669225265029
0.6283185307179586	0.41887902047863906	4.817108735504349
0.6283185307179586	0.41887902047863906	5.026548245743669
0.6283185307179586	0.41887902047863906	5.235987755982988
0.6283185307179586	0.41887902047863906	5.445427266222308
0.6283185307179586	0.41887902047863906	5.654866776461628
0.6283185307179586	0.41887902047863906	5.864306286700947
0.6283185307179586	0.41887902047863906	6.073745796940266
0.6283185307179586	0.5235987755982988	0.0
0.6283185307179586	0.5235987755982988	0.20943951023931953
0.6283185307179586	0.5235987755982988	0.41887902047863906
0.6283185307179586	0.5235987755982988	0.6283185307179586
0.6283185307179586	0.5235987755982988	0.8377580409572781
0.6283185307179586	0.5235987755982988	1.0471975511965976
0.6283185307179586	0.5235987755982988	1.2566370614359172
0.6283185307179586	0.5235987755982988	1.4660765716752366
0.6283185307179586	0.5235987755982988	1.6755160819145563
0.6283185307179586	0.5235987755982988	1.8849555921538759
0.6283185307179586	0.5235987755982988	2.0943951023931953
0.6283185307179586	0.5235987755982988	2.3038346126325147
0.6283185307179586	0.5235987755982988	2.5132741228718345
0.6283185307179586	0.5235987755982988	2.722713633111154
0.6283185307179586	0.5235987755982988	2.9321531433504733
0.6283185307179586	0.5235987755982988	3.141592653589793
0.6283185307179586	0.5235987755982988	3.3510321638291125
0.6283185307179586	0.5235987755982988	3.560471674068432
0.6283185307179586	0.5235987755982988	3.7699111843077517
0.6283185307179586	0.5235987755982988	3.979350694547071
0.6283185307179586	0.5235987755982988	4.1887902047863905
0.6283185307179586	0.5235987755982988	4.39822971502571
0.6283185307179586	0.5235987755982988	4.607669225265029
0.6283185307179586	0.5235987755982988	4.817108735504349
0.6283185307179586	0.5235987755982988	5.026548245743669
0.6283185307179586	0.5235987755982988	5.235987755982988
0.6283185307179586	0.5235987755982988	5.445427266222308
0.6283185307179586	0.5235987755982988	5.654866776461628
0.6283185307179586	0.5235987755982988	5.864306286700947
0.6283185307179586	0.5235987755982988	6.073745796940266
0.6283185307179586	0.6283185307179586	0.0
0.6283185307179586	0.6283185307179586	0.20943951023931953
0.6283185307179586	0.6283185307179586	0.41887902047863906
0.6283185307179586	0.6283185307179586	0.6283185307179586
0.6283185307179586	0.6283185307179586	0.8377580409572781
0.6283185307179586	0.6283185307179586	1.0471975511965976
0.6283185307179586	0.6283185307179586	1.2566370614359172
0.6283185307179586	0.6283185307179586	1.4660765716752366
0.6283185307179586	0.6283185307179586	1.6755160819145563
0.6283185307179586	0.6283185307179586	1.8849555921538759
0.6283185307179586	0.6283185307179586	2.0943951023931953
0.6283185307179586	0.6283185307179586	2.3038346126325147
0.6283185307179586	0.6283185307179586	2.5132741228718345
0.6283185307179586	0.6283185307179586	2.722713633111154
0.6283185307179586	0.6283185307179586	2.9321531433504733
0.6283185307179586	0.6283185307179586	3.141592653589793
0.6283185307179586	0.6283185307179586	3.3510321638291125
0.6283185307179586	0.6283185307179586	3.560471674068432
0.6283185307179586	0.6283185307179586	3.7699111843077517
0.6283185307179586	0.6283185307179586	3.979350694547071
0.6283185307179586	0.6283185307179586	4.1887902047863905
0.6283185307179586	0.6283185307179586	4.39822971502571
0.6283185307179586	0.6283185307179586	4.607669225265029
0.6283185307179586	0.6283185307179586	4.817108735504349
0.6283185307179586	0.6283185307179586	5.026548245743669
0.6283185307179586	0.6283185307179586	5.235987755982988
0.6283185307179586	0.6283185307179586	5.445427266222308
0.6283185307179586	0.6283185307179586	5.654866776461628
0.6283185307179586	0.6283185307179586	5.864306286700947
0.6283185307179586	0.6283185307179586	6.073745796940266
0.6283185307179586	0.7330382858376183	0.0
0.6283185307179586	0.7330382858376183	0.20943951023931953
0.6283185307179586	0.7330382858376183	0.41887902047863906
0.6283185307179586	0.7330382858376183	0.6283185307179586
0.6283185307179586	0.7330382858376183	0.8377580409572781
0.6283185307179586	0.7330382858376183	1.0471975511965976
0.6283185307179586	0.7330382858376183	1.2566370614359172
0.6283185307179586	0.7330382858376183	1.4660765716752366
0.6283185307179586	0.7330382858376183	1.6755160819145563
0.6283185307179586	0.7330382858376183	1.8849555921538759
0.6283185307179586	0.7330382858376183	2.0943951023931953
0.6283185307179586	0.7330382858376183	2.3038346126325147
0.6283185307179586	0.7330382858376183	2.5132741228718345
0.6283185307179586	0.7330382858376183	2.722713633111154
0.6283185307179586	0.7330382858376183	2.9321531433504733
0.6283185307179586	0.7330382858376183	3.141592653589793
0.6283185307179586	0.7330382858376183	3.3510321638291125
0.6283185307179586	0.7330382858376183	3.560471674068432
0.6283185307179586	0.7330382858376183	3.7699111843077517
0.6283185307179586	0.7330382858376183	3.979350694547071
0.6283185307179586	0.7330382858376183	4.1887902047863905
0.6283185307179586	0.7330382858376183	4.39822971502571
0.6283185307179586	0.7330382858376183	4.607669225265029
0.6283185307179586	0.7330382858376183	4.817108735504349
0.6283185307179586	0.7330382858376183	5.026548245743669
0.6283185307179586	0.7330382858376183	5.235987755982988
0.6283185307179586	0.7330382858376183	5.445427266222308
0.6283185307179586	0.7330382858376183	5.654866776461628
0.6283185307179586	0.7330382858376183	5.864306286700947
0.6283185307179586	0.7330382858376183	6.073745796940266
0.6283185307179586	0.8377580409572781	0.0
0.6283185307179586	0.8377580409572781	0.20943951023931953
0.6283185307179586	0.8377580409572781	0.41887902047863906
0.6283185307179586	0.8377580409572781	0.6283185307179586
0.6283185307179586	0.8377580409572781	0.8377580409572781
0.6283185307179586	0.8377580409572781	1.0471975511965976
0.6283185307179586	0.8377580409572781	1.2566370614359172
0.6283185307179586	0.8377580409572781	1.4660765716752366
0.6283185307179586	0.8377580409572781	1.6755160819145563
0.6283185307179586	0.8377580409572781	1.8849555921538759
0.6283185307179586	0.8377580409572781	2.0943951023931953
0.6283185307179586	0.8377580409572781	2.3038346126325147
0.6283185307179586	0.8377580409572781	2.5132741228718345
0.6283185307179586	0.8377580409572781	2.722713633111154
0.6283185307179586	0.8377580409572781	2.9321531433504733
0.6283185307179586	0.8377580409572781	3.141592653589793
0.6283185307179586	0.8377580409572781	3.3510321638291125
0.6283185307179586	0.8377580409572781	3.560471674068432
0.6283185307179586	0.8377580409572781	3.7699111843077517
0.6283185307179586	0.8377580409572781	3.979350694547071
0.6283185307179586	0.8377580409572781	4.1887902047863905
0.6283185307179586	0.8377580409572781	4.39822971502571
0.6283185307179586	0.8377580409572781	4.607669225265029
0.6283185307179586	0.8377580409572781	4.817108735504349
0.6283185307179586	0.8377580409572781	5.026548245743669
0.6283185307179586	0.8377580409572781	5.235987755982988
0.6283185307179586	0.8377580409572781	5.445427266222308
0.6283185307179586	0.8377580409572781	5.654866776461628
0.6283185307179586	0.8377580409572781	5.864306286700947
0.6283185307179586	0.8377580409572781	6.073745796940266
0.6283185307179586	0.9424777960769379	0.0
0.6283185307179586	0.9424777960769379	0.20943951023931953
0.6283185307179586	0.9424777960769379	0.41887902047863906
0.6283185307179586	0.9424777960769379	0.6283185307179586
0.6283185307179586	0.9424777960769379	0.8377580409572781
0.6283185307179586	0.9424777960769379	1.0471975511965976
0.6283185307179586	0.9424777960769379	1.2566370614359172
0.6283185307179586	0.9424777960769379	1.4660765716752366
0.6283185307179586	0.9424777960769379	1.6755160819145563
0.6283185307179586	0.9424777960769379	1.8849555921538759
0.6283185307179586	0.9424777960769379	2.0943951023931953
0.6283185307179586	0.9424777960769379	2.3038346126325147
0.6283185307179586	0.9424777960769379	2.5132741228718345
0.6283185307179586	0.9424777960769379	2.722713633111154
0.6283185307179586	0.9424777960769379	2.9321531433504733
0.6283185307179586	0.9424777960769379	3.141592653589793
0.6283185307179586	0.9424777960769379	3.3510321638291125
0.6283185307179586	0.9424777960769379	3.560471674068432
0.6283185307179586	0.9424777960769379	3.7699111843077517
0.6283185307179586	0.9424777960769379	3.979350694547071
0.6283185307179586	0.9424777960769379	4.1887902047863905
0.6283185307179586	0.9424777960769379	4.39822971502571
0.6283185307179586	0.9424777960769379	4.607669225265029
0.6283185307179586	0.9424777960769379	4.817108735504349
0.6283185307179586	0.9424777960769379	5.026548245743669
0.6283185307179586	0.9424777960769379	5.235987755982988
0.6283185307179586	0.9424777960769379	5.445427266222308
0.6283185307179586	0.9424777960769379	5.654866776461628
0.6283185307179586	0.9424777960769379	5.864306286700947
0.6283185307179586	0.9424777960769379	6.073745796940266
0.6283185307179586	1.0471975511965976	0.0
0.6283185307179586	1.0471975511965976	0.20943951023931953
0.6283185307179586	1.0471975511965976	0.41887902047863906
0.6283185307179586	1.0471975511965976	0.6283185307179586
0.6283185307179586	1.0471975511965976	0.8377580409572781
0.6283185307179586	1.0471975511965976	1.0471975511965976
0.6283185307179586	1.0471975511965976	1.2566370614359172
0.6283185307179586	1.0471975511965976	1.4660765716752366
0.6283185307179586	1.0471975511965976	1.6755160819145563
0.6283185307179586	1.0471975511965976	1.8849555921538759
0.6283185307179586	1.0471975511965976	2.0943951023931953
0.6283185307179586	1.0471975511965976	2.3038346126325147
0.6283185307179586	1.0471975511965976	2.5132741228718345
0.6283185307179586	1.0471975511965976	2.722713633111154
0.6283185307179586	1.0471975511965976	2.9321531433504733
0.6283185307179586	1.0471975511965976	3.141592653589793
0.6283185307179586	1.0471975511965976	3.3510321638291125
0.6283185307179586	1.0471975511965976	3.560471674068432
0.6283185307179586	1.0471975511965976	3.7699111843077517
0.6283185307179586	1.0471975511965976	3.979350694547071
0.6283185307179586	1.0471975511965976	4.1887902047863905
0.6283185307179586	1.0471975511965976	4.39822971502571
0.6283185307179586	1.0471975511965976	4.607669225265029
0.6283185307179586	1.0471975511965976	4.817108735504349
0.6283185307179586	1.0471975511965976	5.026548245743669
0.6283185307179586	1.0471975511965976	5.235987755982988
0.6283185307179586	1.0471975511965976	5.445427266222308
0.6283185307179586	1.0471975511965976	5.654866776461628
0.6283185307179586	1.0471975511965976	5.864306286700947
0.6283185307179586	1.0471975511965976	6.073745796940266
0.6283185307179586	1.1519173063162573	0.0
0.6283185307179586	1.1519173063162573	0.20943951023931953
0.6283185307179586	1.1519173063162573	0.41887902047863906
0.6283185307179586	1.1519173063162573	0.6283185307179586
0.6283185307179586	1.1519173063162573	0.8377580409572781
0.6283185307179586	1.1519173063162573	1.0471975511965976
0.6283185307179586	1.1519173063162573	1.2566370614359172
0.6283185307179586	1.1519173063162573	1.4660765716752366
0.6283185307179586	1.1519173063162573	1.6755160819145563
0.6283185307179586	1.1519173063162573	1.8849555921538759
0.6283185307179586	1.1519173063162573	2.0943951023931953
0.6283185307179586	1.1519173063162573	2.3038346126325147
0.6283185307179586	1.1519173063162573	2.5132741228718345
0.6283185307179586	1.1519173063162573	2.722713633111154
0.6283185307179586	1.1519173063162573	2.9321531433504733
0.6283185307179586	1.1519173063162573	3.141592653589793
0.6283185307179586	1.1519173063162573	3.3510321638291125
0.6283185307179586	1.1519173063162573	3.560471674068432
0.6283185307179586	1.1519173063162573	3.7699111843077517
0.6283185307179586	1.1519173063162573	3.979350694547071
0.6283185307179586	1.1519173063162573	4.1887902047863905
0.6283185307179586	1.1519173063162573	4.39822971502571
0.6283185307179586	1.1519173063162573	4.607669225265029
0.6283185307179586	1.1519173063162573	4.817108735504349
0.6283185307179586	1.1519173063162573	5.026548245743669
0.6283185307179586	1.1519173063162573	5.235987755982988
0.6283185307179586	1.1519173063162573	5.445427266222308
0.6283185307179586	1.1519173063162573	5.654866776461628
0.6283185307179586	1.1519173063162573	5.864306286700947
0.6283185307179586	1.1519173063162573	6.073745796940266
0.6283185307179586	1.2566370614359172	0.0
0.6283185307179586	1.2566370614359172	0.20943951023931953
0.6283185307179586	1.2566370614359172	0.41887902047863906
0.6283185307179586	1.2566370614359172	0.6283185307179586
0.6283185307179586	1.2566370614359172	0.8377580409572781
0.6283185307179586	1.2566370614359172	1.0471975511965976
0.6283185307179586	1.2566370614359172	1.2566370614359172
0.6283185307179586	1.2566370614359172	1.4660765716752366
0.6283185307179586	1.2566370614359172	1.6755160819145563
0.6283185307179586	1.2566370614359172	1.8849555921538759
0.6283185307179586	1.2566370614359172	2.0943951023931953
0.6283185307179586	1.2566370614359172	2.3038346126325147
0.6283185307179586	1.2566370614359172	2.5132741228718345
0.6283185307179586	1.2566370614359172	2.722713633111154
0.6283185307179586	1.2566370614359172	2.9321531433504733
0.6283185307179586	1.2566370614359172	3.141592653589793
0.6283185307179586	1.2566370614359172	3.3510321638291125
0.6283185307179586	1.2566370614359172	3.560471674068432
0.6283185307179586	1.2566370614359172	3.7699111843077517
0.6283185307179586	1.2566370614359172	3.979350694547071
0.6283185307179586	1.2566370614359172	4.1887902047863905
0.6283185307179586	1.2566370614359172	4.39822971502571
0.6283185307179586	1.2566370614359172	4.607669225265029
0.6283185307179586	1.2566370614359172	4.817108735504349
0.6283185307179586	1.2566370614359172	5.026548245743669
0.6283185307179586	1.2566370614359172	5.235987755982988
0.6283185307179586	1.2566370614359172	5.445427266222308
0.6283185307179586	1.2566370614359172	5.654866776461628
0.6283185307179586	1.2566370614359172	5.864306286700947
0.6283185307179586	1.2566370614359172	6.073745796940266
0.6283185307179586	1.361356816555577	0.0
0.6283185307179586	1.361356816555577	0.20943951023931953
0.6283185307179586	1.361356816555577	0.41887902047863906
0.6283185307179586	1.361356816555577	0.6283185307179586
0.6283185307179586	1.361356816555577	0.8377580409572781
0.6283185307179586	1.361356816555577	1.0471975511965976
0.6283185307179586	1.361356816555577	1.2566370614359172
0.6283185307179586	1.361356816555577	1.4660765716752366
0.6283185307179586	1.361356816555577	1.6755160819145563
0.6283185307179586	1.361356816555577	1.8849555921538759
0.6283185307179586	1.361356816555577	2.0943951023931953
0.6283185307179586	1.361356816555577	2.3038346126325147
0.6283185307179586	1.361356816555577	2.5132741228718345
0.6283185307179586	1.361356816555577	2.722713633111154
0.6283185307179586	1.361356816555577	2.9321531433504733
0.6283185307179586	1.361356816555577	3.141592653589793
0.6283185307179586	1.361356816555577	3.3510321638291125
0.6283185307179586	1.361356816555577	3.560471674068432
0.6283185307179586	1.361356816555577	3.7699111843077517
0.6283185307179586	1.361356816555577	3.979350694547071
0.6283185307179586	1.361356816555577	4.1887902047863905
0.6283185307179586	1.361356816555577	4.39822971502571
0.6283185307179586	1.361356816555577	4.607669225265029
0.6283185307179586	1.361356816555577	4.817108735504349
0.6283185307179586	1.361356816555577	5.026548245743669
0.6283185307179586	1.361356816555577	5.235987755982988
0.6283185307179586	1.361356816555577	5.445427266222308
0.6283185307179586	1.361356816555577	5.654866776461628
0.6283185307179586	1.361356816555577	5.864306286700947
0.6283185307179586	1.361356816555577	6.073745796940266
0.6283185307179586	1.4660765716752366	0.0
0.6283185307179586	1.4660765716752366	0.20943951023931953
0.6283185307179586	1.4660765716752366	0.41887902047863906
0.6283185307179586	1.4660765716752366	0.6283185307179586
0.6283185307179586	1.4660765716752366	0.8377580409572781
0.6283185307179586	1.4660765716752366	1.0471975511965976
0.6283185307179586	1.4660765716752366	1.2566370614359172
0.6283185307179586	1.4660765716752366	1.4660765716752366
0.6283185307179586	1.4660765716752366	1.6755160819145563
0.6283185307179586	1.4660765716752366	1.8849555921538759
0.6283185307179586	1.4660765716752366	2.0943951023931953
0.6283185307179586	1.4660765716752366	2.3038346126325147
0.6283185307179586	1.4660765716752366	2.5132741228718345
0.6283185307179586	1.4660765716752366	2.722713633111154
0.6283185307179586	1.4660765716752366	2.9321531433504733
0.6283185307179586	1.4660765716752366	3.141592653589793
0.6283185307179586	1.4660765716752366	3.3510321638291125
0.6283185307179586	1.4660765716752366	3.560471674068432
0.6283185307179586	1.4660765716752366	3.7699111843077517
0.6283185307179586	1.4660765716752366	3.979350694547071
0.6283185307179586	1.4660765716752366	4.1887902047863905
0.6283185307179586	1.4660765716752366	4.39822971502571
0.6283185307179586	1.4660765716752366	4.607669225265029
0.6283185307179586	1.4660765716752366	4.817108735504349
0.6283185307179586	1.4660765716752366	5.026548245743669
0.6283185307179586	1.4660765716752366	5.235987755982988
0.6283185307179586	1.4660765716752366	5.445427266222308
0.6283185307179586	1.4660765716752366	5.654866776461628
0.6283185307179586	1.4660765716752366	5.864306286700947
0.6283185307179586	1.4660765716752366	6.073745796940266
0.7330382858376183	0.0	0.0
0.7330382858376183	0.0	0.20943951023931953
0.7330382858376183	0.0	0.41887902047863906
0.7330382858376183	0.0	0.6283185307179586
0.7330382858376183	0.0	0.8377580409572781
0.7330382858376183	0.0	1.0471975511965976
0.7330382858376183	0.0	1.2566370614359172
0.7330382858376183	0.0	1.4660765716752366
0.7330382858376183	0.0	1.6755160819145563
0.7330382858376183	0.0	1.8849555921538759
0.7330382858376183	0.0	2.0943951023931953
0.7330382858376183	0.0	2.3038346126325147
0.7330382858376183	0.0	2.5132741228718345
0.7330382858376183	0.0	2.722713633111154
0.7330382858376183	0.0	2.9321531433504733
0.7330382858376183	0.0	3.141592653589793
0.7330382858376183	0.0	3.3510321638291125
0.7330382858376183	0.0	3.560471674068432
0.7330382858376183	0.0	3.7699111843077517
0.7330382858376183	0.0	3.979350694547071
0.7330382858376183	0.0	4.1887902047863905
0.7330382858376183	0.0	4.39822971502571
0.7330382858376183	0.0	4.607669225265029
0.7330382858376183	0.0	4.817108735504349
0.7330382858376183	0.0	5.026548245743669
0.7330382858376183	0.0	5.235987755982988
0.7330382858376183	0.0	5.445427266222308
0.7330382858376183	0.0	5.654866776461628
0.7330382858376183	0.0	5.864306286700947
0.7330382858376183	0.0	6.073745796940266
0.7330382858376183	0.10471975511965977	0.0
0.7330382858376183	0.10471975511965977	0.20943951023931953
0.7330382858376183	0.10471975511965977	0.41887902047863906
0.7330382858376183	0.10471975511965977	0.6283185307179586
0.7330382858376183	0.10471975511965977	0.8377580409572781
0.7330382858376183	0.10471975511965977	1.0471975511965976
0.7330382858376183	0.10471975511965977	1.2566370614359172
0.7330382858376183	0.10471975511965977	1.4660765716752366
0.7330382858376183	0.10471975511965977	1.6755160819145563
0.7330382858376183	0.10471975511965977	1.8849555921538759
0.7330382858376183	0.10471975511965977	2.0943951023931953
0.7330382858376183	0.10471975511965977	2.3038346126325147
0.7330382858376183	0.10471975511965977	2.5132741228718345
0.7330382858376183	0.10471975511965977	2.722713633111154
0.7330382858376183	0.10471975511965977	2.9321531433504733
0.7330382858376183	0.10471975511965977	3.141592653589793
0.7330382858376183	0.10471975511965977	3.3510321638291125
0.7330382858376183	0.10471975511965977	3.560471674068432
0.7330382858376183	0.10471975511965977	3.7699111843077517
0.7330382858376183	0.10471975511965977	3.979350694547071
0.7330382858376183	0.10471975511965977	4.1887902047863905
0.7330382858376183	0.10471975511965977	4.39822971502571
0.7330382858376183	0.10471975511965977	4.607669225265029
0.7330382858376183	0.10471975511965977	4.817108735504349
0.7330382858376183	0.10471975511965977	5.026548245743669
0.7330382858376183	0.10471975511965977	5.235987755982988
0.7330382858376183	0.10471975511965977	5.445427266222308
0.7330382858376183	0.10471975511965977	5.654866776461628
0.7330382858376183	0.10471975511965977	5.864306286700947
0.7330382858376183	0.10471975511965977	6.073745796940266
0.7330382858376183	0.20943951023931953	0.0
0.7330382858376183	0.20943951023931953	0.20943951023931953
0.7330382858376183	0.20943951023931953	0.41887902047863906
0.7330382858376183	0.20943951023931953	0.6283185307179586
0.7330382858376183	0.20943951023931953	0.8377580409572781
0.7330382858376183	0.20943951023931953	1.0471975511965976
0.7330382858376183	0.20943951023931953	1.2566370614359172
0.7330382858376183	0.20943951023931953	1.4660765716752366
0.7330382858376183	0.20943951023931953	1.6755160819145563
0.7330382858376183	0.20943951023931953	1.8849555921538759
0.7330382858376183	0.20943951023931953	2.0943951023931953
0.7330382858376183	0.20943951023931953	2.3038346126325147
0.7330382858376183	0.20943951023931953	2.5132741228718345
0.7330382858376183	0.20943951023931953	2.722713633111154
0.7330382858376183	0.20943951023931953	2.9321531433504733
0.7330382858376183	0.20943951023931953	3.141592653589793
0.7330382858376183	0.20943951023931953	3.3510321638291125
0.7330382858376183	0.20943951023931953	3.560471674068432
0.7330382858376183	0.20943951023931953	3.7699111843077517
0.7330382858376183	0.20943951023931953	3.979350694547071
0.7330382858376183	0.20943951023931953	4.1887902047863905
0.7330382858376183	0.20943951023931953	4.39822971502571
0.7330382858376183	0.20943951023931953	4.607669225265029
0.7330382858376183	0.20943951023931953	4.817108735504349
0.7330382858376183	0.20943951023931953	5.026548245743669
0.7330382858376183	0.20943951023931953	5.235987755982988
0.7330382858376183	0.20943951023931953	5.445427266222308
0.7330382858376183	0.20943951023931953	5.654866776461628
0.7330382858376183	0.20943951023931953	5.864306286700947
0.7330382858376183	0.20943951023931953	6.073745796940266
0.7330382858376183	0.3141592653589793	0.0
0.7330382858376183	0.3141592653589793	0.20943951023931953
0.7330382858376183	0.3141592653589793	0.41887902047863906
0.7330382858376183	0.3141592653589793	0.6283185307179586
0.7330382858376183	0.3141592653589793	0.8377580409572781
0.7330382858376183	0.3141592653589793	1.0471975511965976
0.7330382858376183	0.3141592653589793	1.2566370614359172
0.7330382858376183	0.3141592653589793	1.4660765716752366
0.7330382858376183	0.3141592653589793	1.6755160819145563
0.7330382858376183	0.3141592653589793	1.8849555921538759
0.7330382858376183	0.3141592653589793	2.0943951023931953
0.7330382858376183	0.3141592653589793	2.3038346126325147
0.7330382858376183	0.3141592653589793	2.5132741228718345
0.7330382858376183	0.3141592653589793	2.722713633111154
0.7330382858376183	0.3141592653589793	2.9321531433504733
0.7330382858376183	0.3141592653589793	3.141592653589793
0.7330382858376183	0.3141592653589793	3.3510321638291125
0.7330382858376183	0.3141592653589793	3.560471674068432
0.7330382858376183	0.3141592653589793	3.7699111843077517
0.7330382858376183	0.3141592653589793	3.979350694547071
0.7330382858376183	0.3141592653589793	4.1887902047863905
0.7330382858376183	0.3141592653589793	4.39822971502571
0.7330382858376183	0.3141592653589793	4.607669225265029
0.7330382858376183	0.3141592653589793	4.817108735504349
0.7330382858376183	0.3141592653589793	5.026548245743669
0.7330382858376183	0.3141592653589793	5.235987755982988
0.7330382858376183	0.3141592653589793	5.445427266222308
0.7330382858376183	0.3141592653589793	5.654866776461628
0.7330382858376183	0.3141592653589793	5.864306286700947
0.7330382858376183	0.3141592653589793	6.073745796940266
0.7330382858376183	0.41887902047863906	0.0
0.7330382858376183	0.41887902047863906	0.20943951023931953
0.7330382858376183	0.41887902047863906	0.41887902047863906
0.7330382858376183	0.41887902047863906	0.6283185307179586
0.7330382858376183	0.41887902047863906	0.8377580409572781
0.7330382858376183	0.41887902047863906	1.0471975511965976
0.7330382858376183	0.41887902047863906	1.2566370614359172
0.7330382858376183	0.41887902047863906	1.4660765716752366
0.7330382858376183	0.41887902047863906	1.6755160819145563
0.7330382858376183	0.41887902047863906	1.8849555921538759
0.7330382858376183	0.41887902047863906	2.0943951023931953
0.7330382858376183	0.41887902047863906	2.3038346126325147
0.7330382858376183	0.41887902047863906	2.5132741228718345
0.7330382858376183	0.41887902047863906	2.722713633111154
0.7330382858376183	0.41887902047863906	2.9321531433504733
0.7330382858376183	0.41887902047863906	3.141592653589793
0.7330382858376183	0.41887902047863906	3.3510321638291125
0.7330382858376183	0.41887902047863906	3.560471674068432
0.7330382858376183	0.41887902047863906	3.7699111843077517
0.7330382858376183	0.41887902047863906	3.979350694547071
0.7330382858376183	0.41887902047863906	4.1887902047863905
0.7330382858376183	0.41887902047863906	4.39822971502571
0.7330382858376183	0.41887902047863906	4.607669225265029
0.7330382858376183	0.41887902047863906	4.817108735504349
0.7330382858376183	0.41887902047863906	5.026548245743669
0.7330382858376183	0.41887902047863906	5.235987755982988
0.7330382858376183	0.41887902047863906	5.445427266222308
0.7330382858376183	0.41887902047863906	5.654866776461628
0.7330382858376183	0.41887902047863906	5.864306286700947
0.7330382858376183	0.41887902047863906	6.073745796940266
0.7330382858376183	0.5235987755982988	0.0
0.7330382858376183	0.5235987755982988	0.20943951023931953
0.7330382858376183	0.5235987755982988	0.41887902047863906
0.7330382858376183	0.5235987755982988	0.6283185307179586
0.7330382858376183	0.5235987755982988	0.8377580409572781
0.7330382858376183	0.5235987755982988	1.0471975511965976
0.7330382858376183	0.5235987755982988	1.2566370614359172
0.7330382858376183	0.5235987755982988	1.4660765716752366
0.7330382858376183	0.5235987755982988	1.6755160819145563
0.7330382858376183	0.5235987755982988	1.8849555921538759
0.7330382858376183	0.5235987755982988	2.0943951023931953
0.7330382858376183	0.5235987755982988	2.3038346126325147
0.7330382858376183	0.5235987755982988	2.5132741228718345
0.7330382858376183	0.5235987755982988	2.722713633111154
0.7330382858376183	0.5235987755982988	2.9321531433504733
0.7330382858376183	0.5235987755982988	3.141592653589793
0.7330382858376183	0.5235987755982988	3.3510321638291125
0.7330382858376183	0.5235987755982988	3.560471674068432
0.7330382858376183	0.5235987755982988	3.7699111843077517
0.7330382858376183	0.5235987755982988	3.979350694547071
0.7330382858376183	0.5235987755982988	4.1887902047863905
0.7330382858376183	0.5235987755982988	4.39822971502571
0.7330382858376183	0.5235987755982988	4.607669225265029
0.7330382858376183	0.5235987755982988	4.817108735504349
0.7330382858376183	0.5235987755982988	5.026548245743669
0.7330382858376183	0.5235987755982988	5.235987755982988
0.7330382858376183	0.5235987755982988	5.445427266222308
0.7330382858376183	0.5235987755982988	5.654866776461628
0.7330382858376183	0.5235987755982988	5.864306286700947
0.7330382858376183	0.5235987755982988	6.073745796940266
0.7330382858376183	0.6283185307179586	0.0
0.7330382858376183	0.6283185307179586	0.20943951023931953
0.7330382858376183	0.6283185307179586	0.41887902047863906
0.7330382858376183	0.6283185307179586	0.6283185307179586
0.7330382858376183	0.6283185307179586	0.8377580409572781
0.7330382858376183	0.6283185307179586	1.0471975511965976
0.7330382858376183	0.6283185307179586	1.2566370614359172
0.7330382858376183	0.6283185307179586	1.4660765716752366
0.7330382858376183	0.6283185307179586	1.6755160819145563
0.7330382858376183	0.6283185307179586	1.8849555921538759
0.7330382858376183	0.6283185307179586	2.0943951023931953
0.7330382858376183	0.6283185307179586	2.3038346126325147
0.7330382858376183	0.6283185307179586	2.5132741228718345
0.7330382858376183	0.6283185307179586	2.722713633111154
0.7330382858376183	0.6283185307179586	2.9321531433504733
0.7330382858376183	0.6283185307179586	3.141592653589793
0.7330382858376183	0.6283185307179586	3.3510321638291125
0.7330382858376183	0.6283185307179586	3.560471674068432
0.7330382858376183	0.6283185307179586	3.7699111843077517
0.7330382858376183	0.6283185307179586	3.979350694547071
0.7330382858376183	0.6283185307179586	4.1887902047863905
0.7330382858376183	0.6283185307179586	4.39822971502571
0.7330382858376183	0.6283185307179586	4.607669225265029
0.7330382858376183	0.6283185307179586	4.817108735504349
0.7330382858376183	0.6283185307179586	5.026548245743669
0.7330382858376183	0.6283185307179586	5.235987755982988
0.7330382858376183	0.6283185307179586	5.445427266222308
0.7330382858376183	0.6283185307179586	5.654866776461628
0.7330382858376183	0.6283185307179586	5.864306286700947
0.7330382858376183	0.6283185307179586	6.073745796940266
0.7330382858376183	0.7330382858376183	0.0
0.7330382858376183	0.7330382858376183	0.20943951023931953
0.7330382858376183	0.7330382858376183	0.41887902047863906
0.7330382858376183	0.7330382858376183	0.6283185307179586
0.7330382858376183	0.7330382858376183	0.8377580409572781
0.7330382858376183	0.7330382858376183	1.0471975511965976
0.7330382858376183	0.7330382858376183	1.2566370614359172
0.7330382858376183	0.7330382858376183	1.4660765716752366
0.7330382858376183	0.7330382858376183	1.6755160819145563
0.7330382858376183	0.7330382858376183	1.8849555921538759
0.7330382858376183	0.7330382858376183	2.0943951023931953
0.7330382858376183	0.7330382858376183	2.3038346126325147
0.7330382858376183	0.7330382858376183	2.5132741228718345
0.7330382858376183	0.7330382858376183	2.722713633111154
0.7330382858376183	0.7330382858376183	2.9321531433504733
0.7330382858376183	0.7330382858376183	3.141592653589793
0.7330382858376183	0.7330382858376183	3.3510321638291125
0.7330382858376183	0.7330382858376183	3.560471674068432
0.7330382858376183	0.7330382858376183	3.7699111843077517
0.7330382858376183	0.7330382858376183	3.979350694547071
0.7330382858376183	0.7330382858376183	4.1887902047863905
0.7330382858376183	0.7330382858376183	4.39822971502571
0.7330382858376183	0.7330382858376183	4.607669225265029
0.7330382858376183	0.7330382858376183	4.817108735504349
0.7330382858376183	0.7330382858376183	5.026548245743669
0.7330382858376183	0.7330382858376183	5.235987755982988
0.7330382858376183	0.7330382858376183	5.445427266222308
0.7330382858376183	0.7330382858376183	5.654866776461628
0.7330382858376183	0.7330382858376183	5.864306286700947
0.7330382858376183	0.7330382858376183	6.073745796940266
0.7330382858376183	0.8377580409572781	0.0
0.7330382858376183	0.8377580409572781	0.20943951023931953
0.7330382858376183	0.8377580409572781	0.41887902047863906
0.7330382858376183	0.8377580409572781	0.6283185307179586
0.7330382858376183	0.8377580409572781	0.8377580409572781
0.7330382858376183	0.8377580409572781	1.0471975511965976
0.7330382858376183	0.8377580409572781	1.2566370614359172
0.7330382858376183	0.8377580409572781	1.4660765716752366
0.7330382858376183	0.8377580409572781	1.6755160819145563
0.7330382858376183	0.8377580409572781	1.8849555921538759
0.7330382858376183	0.8377580409572781	2.0943951023931953
0.7330382858376183	0.8377580409572781	2.3038346126325147
0.7330382858376183	0.8377580409572781	2.5132741228718345
0.7330382858376183	0.8377580409572781	2.722713633111154
0.7330382858376183	0.8377580409572781	2.9321531433504733
0.7330382858376183	0.8377580409572781	3.141592653589793
0.7330382858376183	0.8377580409572781	3.3510321638291125
0.7330382858376183	0.8377580409572781	3.560471674068432
0.7330382858376183	0.8377580409572781	3.7699111843077517
0.7330382858376183	0.8377580409572781	3.979350694547071
0.7330382858376183	0.8377580409572781	4.1887902047863905
0.7330382858376183	0.8377580409572781	4.39822971502571
0.7330382858376183	0.8377580409572781	4.607669225265029
0.7330382858376183	0.8377580409572781	4.817108735504349
0.7330382858376183	0.8377580409572781	5.026548245743669
0.7330382858376183	0.8377580409572781	5.235987755982988
0.7330382858376183	0.8377580409572781	5.445427266222308
0.7330382858376183	0.8377580409572781	5.654866776461628
0.7330382858376183	0.8377580409572781	5.864306286700947
0.7330382858376183	0.8377580409572781	6.073745796940266
0.7330382858376183	0.9424777960769379	0.0
0.7330382858376183	0.9424777960769379	0.20943951023931953
0.7330382858376183	0.9424777960769379	0.41887902047863906
0.7330382858376183	0.9424777960769379	0.6283185307179586
0.7330382858376183	0.9424777960769379	0.8377580409572781
0.7330382858376183	0.9424777960769379	1.0471975511965976
0.7330382858376183	0.9424777960769379	1.2566370614359172
0.7330382858376183	0.9424777960769379	1.4660765716752366
0.7330382858376183	0.9424777960769379	1.6755160819145563
0.7330382858376183	0.9424777960769379	1.8849555921538759
0.7330382858376183	0.9424777960769379	2.0943951023931953
0.7330382858376183	0.9424777960769379	2.3038346126325147
0.7330382858376183	0.9424777960769379	2.5132741228718345
0.7330382858376183	0.9424777960769379	2.722713633111154
0.7330382858376183	0.9424777960769379	2.9321531433504733
0.7330382858376183	0.9424777960769379	3.141592653589793
0.7330382858376183	0.9424777960769379	3.3510321638291125
0.7330382858376183	0.9424777960769379	3.560471674068432
0.7330382858376183	0.9424777960769379	3.7699111843077517
0.7330382858376183	0.9424777960769379	3.979350694547071
0.7330382858376183	0.9424777960769379	4.1887902047863905
0.7330382858376183	0.9424777960769379	4.39822971502571
0.7330382858376183	0.9424777960769379	4.607669225265029
0.7330382858376183	0.9424777960769379	4.817108735504349
0.7330382858376183	0.9424777960769379	5.026548245743669
0.7330382858376183	0.9424777960769379	5.235987755982988
0.7330382858376183	0.9424777960769379	5.445427266222308
0.7330382858376183	0.9424777960769379	5.654866776461628
0.7330382858376183	0.9424777960769379	5.864306286700947
0.7330382858376183	0.9424777960769379	6.073745796940266
0.7330382858376183	1.0471975511965976	0.0
0.7330382858376183	1.0471975511965976	0.20943951023931953
0.7330382858376183	1.0471975511965976	0.41887902047863906
0.7330382858376183	1.0471975511965976	0.6283185307179586
0.7330382858376183	1.0471975511965976	0.8377580409572781
0.7330382858376183	1.0471975511965976	1.0471975511965976
0.7330382858376183	1.0471975511965976	1.2566370614359172
0.7330382858376183	1.0471975511965976	1.4660765716752366
0.7330382858376183	1.0471975511965976	1.6755160819145563
0.7330382858376183	1.0471975511965976	1.8849555921538759
0.7330382858376183	1.0471975511965976	2.0943951023931953
0.7330382858376183	1.0471975511965976	2.3038346126325147
0.7330382858376183	1.0471975511965976	2.5132741228718345
0.7330382858376183	1.0471975511965976	2.722713633111154
0.7330382858376183	1.0471975511965976	2.9321531433504733
0.7330382858376183	1.0471975511965976	3.141592653589793
0.7330382858376183	1.0471975511965976	3.3510321638291125
0.7330382858376183	1.0471975511965976	3.560471674068432
0.7330382858376183	1.0471975511965976	3.7699111843077517
0.7330382858376183	1.0471975511965976	3.979350694547071
0.7330382858376183	1.0471975511965976	4.1887902047863905
0.7330382858376183	1.0471975511965976	4.39822971502571
0.7330382858376183	1.0471975511965976	4.607669225265029
0.7330382858376183	1.0471975511965976	4.817108735504349
0.7330382858376183	1.0471975511965976	5.026548245743669
0.7330382858376183	1.0471975511965976	5.235987755982988
0.7330382858376183	1.0471975511965976	5.445427266222308
0.7330382858376183	1.0471975511965976	5.654866776461628
0.7330382858376183	1.0471975511965976	5.864306286700947
0.7330382858376183	1.0471975511965976	6.073745796940266
0.7330382858376183	1.1519173063162573	0.0
0.7330382858376183	1.1519173063162573	0.20943951023931953
0.7330382858376183	1.1519173063162573	0.41887902047863906
0.7330382858376183	1.1519173063162573	0.6283185307179586
0.7330382858376183	1.1519173063162573	0.8377580409572781
0.7330382858376183	1.1519173063162573	1.0471975511965976
0.7330382858376183	1.1519173063162573	1.2566370614359172
0.7330382858376183	1.1519173063162573	1.4660765716752366
0.7330382858376183	1.1519173063162573	1.6755160819145563
0.7330382858376183	1.1519173063162573	1.8849555921538759
0.7330382858376183	1.1519173063162573	2.0943951023931953
0.7330382858376183	1.1519173063162573	2.3038346126325147
0.7330382858376183	1.1519173063162573	2.5132741228718345
0.7330382858376183	1.1519173063162573	2.722713633111154
0.7330382858376183	1.1519173063162573	2.9321531433504733
0.7330382858376183	1.1519173063162573	3.141592653589793
0.7330382858376183	1.1519173063162573	3.3510321638291125
0.7330382858376183	1.1519173063162573	3.560471674068432
0.7330382858376183	1.1519173063162573	3.7699111843077517
0.7330382858376183	1.1519173063162573	3.979350694547071
0.7330382858376183	1.1519173063162573	4.1887902047863905
0.7330382858376183	1.1519173063162573	4.39822971502571
0.7330382858376183	1.1519173063162573	4.607669225265029
0.7330382858376183	1.1519173063162573	4.817108735504349
0.7330382858376183	1.1519173063162573	5.026548245743669
0.7330382858376183	1.1519173063162573	5.235987755982988
0.7330382858376183	1.1519173063162573	5.445427266222308
0.7330382858376183	1.1519173063162573	5.654866776461628
0.7330382858376183	1.1519173063162573	5.864306286700947
0.7330382858376183	1.1519173063162573	6.073745796940266
0.7330382858376183	1.2566370614359172	0.0
0.7330382858376183	1.2566370614359172	0.20943951023931953
0.7330382858376183	1.2566370614359172	0.41887902047863906
0.7330382858376183	1.2566370614359172	0.6283185307179586
0.7330382858376183	1.2566370614359172	0.8377580409572781
0.7330382858376183	1.2566370614359172	1.0471975511965976
0.7330382858376183	1.2566370614359172	1.2566370614359172
0.7330382858376183	1.2566370614359172	1.4660765716752366
0.7330382858376183	1.2566370614359172	1.6755160819145563
0.7330382858376183	1.2566370614359172	1.8849555921538759
0.7330382858376183	1.2566370614359172	2.0943951023931953
0.7330382858376183	1.2566370614359172	2.3038346126325147
0.7330382858376183	1.2566370614359172	2.5132741228718345
0.7330382858376183	1.2566370614359172	2.722713633111154
0.7330382858376183	1.2566370614359172	2.9321531433504733
0.7330382858376183	1.2566370614359172	3.141592653589793
0.7330382858376183	1.2566370614359172	3.3510321638291125
0.7330382858376183	1.2566370614359172	3.560471674068432
0.7330382858376183	1.2566370614359172	3.7699111843077517
0.7330382858376183	1.2566370614359172	3.979350694547071
0.7330382858376183	1.2566370614359172	4.1887902047863905
0.7330382858376183	1.2566370614359172	4.39822971502571
0.7330382858376183	1.2566370614359172	4.607669225265029
0.7330382858376183	1.2566370614359172	4.817108735504349
0.7330382858376183	1.2566370614359172	5.026548245743669
0.7330382858376183	1.2566370614359172	5.235987755982988
0.7330382858376183	1.2566370614359172	5.445427266222308
0.7330382858376183	1.2566370614359172	5.654866776461628
0.7330382858376183	1.2566370614359172	5.864306286700947
0.7330382858376183	1.2566370614359172	6.073745796940266
0.7330382858376183	1.361356816555577	0.0
0.7330382858376183	1.361356816555577	0.20943951023931953
0.7330382858376183	1.361356816555577	0.41887902047863906
0.7330382858376183	1.361356816555577	0.6283185307179586
0.7330382858376183	1.361356816555577	0.8377580409572781
0.7330382858376183	1.361356816555577	1.0471975511965976
0.7330382858376183	1.361356816555577	1.2566370614359172
0.7330382858376183	1.361356816555577	1.4660765716752366
0.7330382858376183	1.361356816555577	1.6755160819145563
0.7330382858376183	1.361356816555577	1.8849555921538759
0.7330382858376183	1.361356816555577	2.0943951023931953
0.7330382858376183	1.361356816555577	2.3038346126325147
0.7330382858376183	1.361356816555577	2.5132741228718345
0.7330382858376183	1.361356816555577	2.722713633111154
0.7330382858376183	1.361356816555577	2.9321531433504733
0.7330382858376183	1.361356816555577	3.141592653589793
0.7330382858376183	1.361356816555577	3.3510321638291125
0.7330382858376183	1.361356816555577	3.560471674068432
0.7330382858376183	1.361356816555577	3.7699111843077517
0.7330382858376183	1.361356816555577	3.979350694547071
0.7330382858376183	1.361356816555577	4.1887902047863905
0.7330382858376183	1.361356816555577	4.39822971502571
0.7330382858376183	1.361356816555577	4.607669225265029
0.7330382858376183	1.361356816555577	4.817108735504349
0.7330382858376183	1.361356816555577	5.026548245743669
0.7330382858376183	1.361356816555577	5.235987755982988
0.7330382858376183	1.361356816555577	5.445427266222308
0.7330382858376183	1.361356816555577	5.654866776461628
0.7330382858376183	1.361356816555577	5.864306286700947
0.7330382858376183	1.361356816555577	6.073745796940266
0.7330382858376183	1.4660765716752366	0.0
0.7330382858376183	1.4660765716752366	0.20943951023931953
0.7330382858376183	1.4660765716752366	0.41887902047863906
0.7330382858376183	1.4660765716752366	0.6283185307179586
0.7330382858376183	1.4660765716752366	0.8377580409572781
0.7330382858376183	1.4660765716752366	1.0471975511965976
0.7330382858376183	1.4660765716752366	1.2566370614359172
0.7330382858376183	1.4660765716752366	1.4660765716752366
0.7330382858376183	1.4660765716752366	1.6755160819145563
0.7330382858376183	1.4660765716752366	1.8849555921538759
0.7330382858376183	1.4660765716752366	2.0943951023931953
0.7330382858376183	1.4660765716752366	2.3038346126325147
0.7330382858376183	1.4660765716752366	2.5132741228718345
0.7330382858376183	1.4660765716752366	2.722713633111154
0.7330382858376183	1.4660765716752366	2.9321531433504733
0.7330382858376183	1.4660765716752366	3.141592653589793
0.7330382858376183	1.4660765716752366	3.3510321638291125
0.7330382858376183	1.4660765716752366	3.560471674068432
0.7330382858376183	1.4660765716752366	3.7699111843077517
0.7330382858376183	1.4660765716752366	3.979350694547071
0.7330382858376183	1.4660765716752366	4.1887902047863905
0.7330382858376183	1.4660765716752366	4.39822971502571
0.7330382858376183	1.4660765716752366	4.607669225265029
0.7330382858376183	1.4660765716752366	4.817108735504349
0.7330382858376183	1.4660765716752366	5.026548245743669
0.7330382858376183	1.4660765716752366	5.235987755982988
0.7330382858376183	1.4660765716752366	5.445427266222308
0.7330382858376183	1.4660765716752366	5.654866776461628
0.7330382858376183	1.4660765716752366	5.864306286700947
0.7330382858376183	1.4660765716752366	6.073745796940266
0.8377580409572781	0.0	0.0
0.8377580409572781	0.0	0.20943951023931953
0.8377580409572781	0.0	0.41887902047863906
0.8377580409572781	0.0	0.6283185307179586
0.8377580409572781	0.0	0.8377580409572781
0.8377580409572781	0.0	1.0471975511965976
0.8377580409572781	0.0	1.2566370614359172
0.8377580409572781	0.0	1.4660765716752366
0.8377580409572781	0.0	1.6755160819145563
0.8377580409572781	0.0	1.8849555921538759
0.8377580409572781	0.0	2.0943951023931953
0.8377580409572781	0.0	2.3038346126325147
0.8377580409572781	0.0	2.5132741228718345
0.8377580409572781	0.0	2.722713633111154
0.8377580409572781	0.0	2.9321531433504733
0.8377580409572781	0.0	3.141592653589793
0.8377580409572781	0.0	3.3510321638291125
0.8377580409572781	0.0	3.560471674068432
0.8377580409572781	0.0	3.7699111843077517
0.8377580409572781	0.0	3.979350694547071
0.8377580409572781	0.0	4.1887902047863905
0.8377580409572781	0.0	4.39822971502571
0.8377580409572781	0.0	4.607669225265029
0.8377580409572781	0.0	4.817108735504349
0.8377580409572781	0.0	5.026548245743669
0.8377580409572781	0.0	5.235987755982988
0.8377580409572781	0.0	5.445427266222308
0.8377580409572781	0.0	5.654866776461628
0.8377580409572781	0.0	5.864306286700947
0.8377580409572781	0.0	6.073745796940266
0.8377580409572781	0.10471975511965977	0.0
0.8377580409572781	0.10471975511965977	0.20943951023931953
0.8377580409572781	0.10471975511965977	0.41887902047863906
0.8377580409572781	0.10471975511965977	0.6283185307179586
0.8377580409572781	0.10471975511965977	0.8377580409572781
0.8377580409572781	0.10471975511965977	1.0471975511965976
0.8377580409572781	0.10471975511965977	1.2566370614359172
0.8377580409572781	0.10471975511965977	1.4660765716752366
0.8377580409572781	0.10471975511965977	1.6755160819145563
0.8377580409572781	0.10471975511965977	1.8849555921538759
0.8377580409572781	0.10471975511965977	2.0943951023931953
0.8377580409572781	0.10471975511965977	2.3038346126325147
0.8377580409572781	0.10471975511965977	2.5132741228718345
0.8377580409572781	0.10471975511965977	2.722713633111154
0.8377580409572781	0.10471975511965977	2.9321531433504733
0.8377580409572781	0.10471975511965977	3.141592653589793
0.8377580409572781	0.10471975511965977	3.3510321638291125
0.8377580409572781	0.10471975511965977	3.560471674068432
0.8377580409572781	0.10471975511965977	3.7699111843077517
0.8377580409572781	0.10471975511965977	3.979350694547071
0.8377580409572781	0.10471975511965977	4.1887902047863905
0.8377580409572781	0.10471975511965977	4.39822971502571
0.8377580409572781	0.10471975511965977	4.607669225265029
0.8377580409572781	0.10471975511965977	4.817108735504349
0.8377580409572781	0.10471975511965977	5.026548245743669
0.8377580409572781	0.10471975511965977	5.235987755982988
0.8377580409572781	0.10471975511965977	5.445427266222308
0.8377580409572781	0.10471975511965977	5.654866776461628
0.8377580409572781	0.10471975511965977	5.864306286700947
0.8377580409572781	0.10471975511965977	6.073745796940266
0.8377580409572781	0.20943951023931953	0.0
0.8377580409572781	0.20943951023931953	0.20943951023931953
0.8377580409572781	0.20943951023931953	0.41887902047863906
0.8377580409572781	0.20943951023931953	0.6283185307179586
0.8377580409572781	0.20943951023931953	0.8377580409572781
0.8377580409572781	0.20943951023931953	1.0471975511965976
0.8377580409572781	0.20943951023931953	1.2566370614359172
0.8377580409572781	0.20943951023931953	1.4660765716752366
0.8377580409572781	0.20943951023931953	1.6755160819145563
0.8377580409572781	0.20943951023931953	1.8849555921538759
0.8377580409572781	0.20943951023931953	2.0943951023931953
0.8377580409572781	0.20943951023931953	2.3038346126325147
0.8377580409572781	0.20943951023931953	2.5132741228718345
0.8377580409572781	0.20943951023931953	2.722713633111154
0.8377580409572781	0.20943951023931953	2.9321531433504733
0.8377580409572781	0.20943951023931953	3.141592653589793
0.8377580409572781	0.20943951023931953	3.3510321638291125
0.8377580409572781	0.20943951023931953	3.560471674068432
0.8377580409572781	0.20943951023931953	3.7699111843077517
0.8377580409572781	0.20943951023931953	3.979350694547071
0.8377580409572781	0.20943951023931953	4.1887902047863905
0.8377580409572781	0.20943951023931953	4.39822971502571
0.8377580409572781	0.20943951023931953	4.607669225265029
0.8377580409572781	0.20943951023931953	4.817108735504349
0.8377580409572781	0.20943951023931953	5.026548245743669
0.8377580409572781	0.20943951023931953	5.235987755982988
0.8377580409572781	0.20943951023931953	5.445427266222308
0.8377580409572781	0.20943951023931953	5.654866776461628
0.8377580409572781	0.20943951023931953	5.864306286700947
0.8377580409572781	0.20943951023931953	6.073745796940266
0.8377580409572781	0.3141592653589793	0.0
0.8377580409572781	0.3141592653589793	0.20943951023931953
0.8377580409572781	0.3141592653589793	0.41887902047863906
0.8377580409572781	0.3141592653589793	0.6283185307179586
0.8377580409572781	0.3141592653589793	0.8377580409572781
0.8377580409572781	0.3141592653589793	1.0471975511965976
0.8377580409572781	0.3141592653589793	1.2566370614359172
0.8377580409572781	0.3141592653589793	1.4660765716752366
0.8377580409572781	0.3141592653589793	1.6755160819145563
0.8377580409572781	0.3141592653589793	1.8849555921538759
0.8377580409572781	0.3141592653589793	2.0943951023931953
0.8377580409572781	0.3141592653589793	2.3038346126325147
0.8377580409572781	0.3141592653589793	2.5132741228718345
0.8377580409572781	0.3141592653589793	2.722713633111154
0.8377580409572781	0.3141592653589793	2.9321531433504733
0.8377580409572781	0.3141592653589793	3.141592653589793
0.8377580409572781	0.3141592653589793	3.3510321638291125
0.8377580409572781	0.3141592653589793	3.560471674068432
0.8377580409572781	0.3141592653589793	3.7699111843077517
0.8377580409572781	0.3141592653589793	3.979350694547071
0.8377580409572781	0.3141592653589793	4.1887902047863905
0.8377580409572781	0.3141592653589793	4.39822971502571
0.8377580409572781	0.3141592653589793	4.607669225265029
0.8377580409572781	0.3141592653589793	4.817108735504349
0.8377580409572781	0.3141592653589793	5.026548245743669
0.8377580409572781	0.3141592653589793	5.235987755982988
0.8377580409572781	0.3141592653589793	5.445427266222308
0.8377580409572781	0.3141592653589793	5.654866776461628
0.8377580409572781	0.3141592653589793	5.864306286700947
0.8377580409572781	0.3141592653589793	6.073745796940266
0.8377580409572781	0.41887902047863906	0.0
0.8377580409572781	0.41887902047863906	0.20943951023931953
0.8377580409572781	0.41887902047863906	0.41887902047863906
0.8377580409572781	0.41887902047863906	0.6283185307179586
0.8377580409572781	0.41887902047863906	0.8377580409572781
0.8377580409572781	0.41887902047863906	1.0471975511965976
0.8377580409572781	0.41887902047863906	1.2566370614359172
0.8377580409572781	0.41887902047863906	1.4660765716752366
0.8377580409572781	0.41887902047863906	1.6755160819145563
0.8377580409572781	0.41887902047863906	1.8849555921538759
0.8377580409572781	0.41887902047863906	2.0943951023931953
0.8377580409572781	0.41887902047863906	2.3038346126325147
0.8377580409572781	0.41887902047863906	2.5132741228718345
0.8377580409572781	0.41887902047863906	2.722713633111154
0.8377580409572781	0.41887902047863906	2.9321531433504733
0.8377580409572781	0.41887902047863906	3.141592653589793
0.8377580409572781	0.41887902047863906	3.3510321638291125
0.8377580409572781	0.41887902047863906	3.560471674068432
0.8377580409572781	0.41887902047863906	3.7699111843077517
0.8377580409572781	0.41887902047863906	3.979350694547071
0.8377580409572781	0.41887902047863906	4.1887902047863905
0.8377580409572781	0.41887902047863906	4.39822971502571
0.8377580409572781	0.41887902047863906	4.607669225265029
0.8377580409572781	0.41887902047863906	4.817108735504349
0.8377580409572781	0.41887902047863906	5.026548245743669
0.8377580409572781	0.41887902047863906	5.235987755982988
0.8377580409572781	0.41887902047863906	5.445427266222308
0.8377580409572781	0.41887902047863906	5.654866776461628
0.8377580409572781	0.41887902047863906	5.864306286700947
0.8377580409572781	0.41887902047863906	6.073745796940266
0.8377580409572781	0.5235987755982988	0.0
0.8377580409572781	0.5235987755982988	0.20943951023931953
0.8377580409572781	0.5235987755982988	0.41887902047863906
0.8377580409572781	0.5235987755982988	0.6283185307179586
0.8377580409572781	0.5235987755982988	0.8377580409572781
0.8377580409572781	0.5235987755982988	1.0471975511965976
0.8377580409572781	0.5235987755982988	1.2566370614359172
0.8377580409572781	0.5235987755982988	1.4660765716752366
0.8377580409572781	0.5235987755982988	1.6755160819145563
0.8377580409572781	0.5235987755982988	1.8849555921538759
0.8377580409572781	0.5235987755982988	2.0943951023931953
0.8377580409572781	0.5235987755982988	2.3038346126325147
0.8377580409572781	0.5235987755982988	2.5132741228718345
0.8377580409572781	0.5235987755982988	2.722713633111154
0.8377580409572781	0.5235987755982988	2.9321531433504733
0.8377580409572781	0.5235987755982988	3.141592653589793
0.8377580409572781	0.5235987755982988	3.3510321638291125
0.8377580409572781	0.5235987755982988	3.560471674068432
0.8377580409572781	0.5235987755982988	3.7699111843077517
0.8377580409572781	0.5235987755982988	3.979350694547071
0.8377580409572781	0.5235987755982988	4.1887902047863905
0.8377580409572781	0.5235987755982988	4.39822971502571
0.8377580409572781	0.5235987755982988	4.607669225265029
0.8377580409572781	0.5235987755982988	4.817108735504349
0.8377580409572781	0.5235987755982988	5.026548245743669
0.8377580409572781	0.5235987755982988	5.235987755982988
0.8377580409572781	0.5235987755982988	5.445427266222308
0.8377580409572781	0.5235987755982988	5.654866776461628
0.8377580409572781	0.5235987755982988	5.864306286700947
0.8377580409572781	0.5235987755982988	6.073745796940266
0.8377580409572781	0.6283185307179586	0.0
0.8377580409572781	0.6283185307179586	0.20943951023931953
0.8377580409572781	0.6283185307179586	0.41887902047863906
0.8377580409572781	0.6283185307179586	0.6283185307179586
0.8377580409572781	0.6283185307179586	0.8377580409572781
0.8377580409572781	0.6283185307179586	1.0471975511965976
0.8377580409572781	0.6283185307179586	1.2566370614359172
0.8377580409572781	0.6283185307179586	1.4660765716752366
0.8377580409572781	0.6283185307179586	1.6755160819145563
0.8377580409572781	0.6283185307179586	1.8849555921538759
0.8377580409572781	0.6283185307179586	2.0943951023931953
0.8377580409572781	0.6283185307179586	2.3038346126325147
0.8377580409572781	0.6283185307179586	2.5132741228718345
0.8377580409572781	0.6283185307179586	2.722713633111154
0.8377580409572781	0.6283185307179586	2.9321531433504733
0.8377580409572781	0.6283185307179586	3.141592653589793
0.8377580409572781	0.6283185307179586	3.3510321638291125
0.8377580409572781	0.6283185307179586	3.560471674068432
0.8377580409572781	0.6283185307179586	3.7699111843077517
0.8377580409572781	0.6283185307179586	3.979350694547071
0.8377580409572781	0.6283185307179586	4.1887902047863905
0.8377580409572781	0.6283185307179586	4.39822971502571
0.8377580409572781	0.6283185307179586	4.607669225265029
0.8377580409572781	0.6283185307179586	4.817108735504349
0.8377580409572781	0.6283185307179586	5.026548245743669
0.8377580409572781	0.6283185307179586	5.235987755982988
0.8377580409572781	0.6283185307179586	5.445427266222308
0.8377580409572781	0.6283185307179586	5.654866776461628
0.8377580409572781	0.6283185307179586	5.864306286700947
0.8377580409572781	0.6283185307179586	6.073745796940266
0.8377580409572781	0.7330382858376183	0.0
0.8377580409572781	0.7330382858376183	0.20943951023931953
0.8377580409572781	0.7330382858376183	0.41887902047863906
0.8377580409572781	0.7330382858376183	0.6283185307179586
0.8377580409572781	0.7330382858376183	0.8377580409572781
0.8377580409572781	0.7330382858376183	1.0471975511965976
0.8377580409572781	0.7330382858376183	1.2566370614359172
0.8377580409572781	0.7330382858376183	1.4660765716752366
0.8377580409572781	0.7330382858376183	1.6755160819145563
0.8377580409572781	0.7330382858376183	1.8849555921538759
0.8377580409572781	0.7330382858376183	2.0943951023931953
0.8377580409572781	0.7330382858376183	2.3038346126325147
0.8377580409572781	0.7330382858376183	2.5132741228718345
0.8377580409572781	0.7330382858376183	2.722713633111154
0.8377580409572781	0.7330382858376183	2.9321531433504733
0.8377580409572781	0.7330382858376183	3.141592653589793
0.8377580409572781	0.7330382858376183	3.3510321638291125
0.8377580409572781	0.7330382858376183	3.560471674068432
0.8377580409572781	0.7330382858376183	3.7699111843077517
0.8377580409572781	0.7330382858376183	3.979350694547071
0.8377580409572781	0.7330382858376183	4.1887902047863905
0.8377580409572781	0.7330382858376183	4.39822971502571
0.8377580409572781	0.7330382858376183	4.607669225265029
0.8377580409572781	0.7330382858376183	4.817108735504349
0.8377580409572781	0.7330382858376183	5.026548245743669
0.8377580409572781	0.7330382858376183	5.235987755982988
0.8377580409572781	0.7330382858376183	5.445427266222308
0.8377580409572781	0.7330382858376183	5.654866776461628
0.8377580409572781	0.7330382858376183	5.864306286700947
0.8377580409572781	0.7330382858376183	6.073745796940266
0.8377580409572781	0.8377580409572781	0.0
0.8377580409572781	0.8377580409572781	0.20943951023931953
0.8377580409572781	0.8377580409572781	0.41887902047863906
0.8377580409572781	0.8377580409572781	0.6283185307179586
0.8377580409572781	0.8377580409572781	0.8377580409572781
0.8377580409572781	0.8377580409572781	1.0471975511965976
0.8377580409572781	0.8377580409572781	1.2566370614359172
0.8377580409572781	0.8377580409572781	1.4660765716752366
0.8377580409572781	0.8377580409572781	1.6755160819145563
0.8377580409572781	0.8377580409572781	1.8849555921538759
0.8377580409572781	0.8377580409572781	2.0943951023931953
0.8377580409572781	0.8377580409572781	2.3038346126325147
0.8377580409572781	0.8377580409572781	2.5132741228718345
0.8377580409572781	0.8377580409572781	2.722713633111154
0.8377580409572781	0.8377580409572781	2.9321531433504733
0.8377580409572781	0.8377580409572781	3.141592653589793
0.8377580409572781	0.8377580409572781	3.3510321638291125
0.8377580409572781	0.8377580409572781	3.560471674068432
0.8377580409572781	0.8377580409572781	3.7699111843077517
0.8377580409572781	0.8377580409572781	3.979350694547071
0.8377580409572781	0.8377580409572781	4.1887902047863905
0.8377580409572781	0.8377580409572781	4.39822971502571
0.8377580409572781	0.8377580409572781	4.607669225265029
0.8377580409572781	0.8377580409572781	4.817108735504349
0.8377580409572781	0.8377580409572781	5.026548245743669
0.8377580409572781	0.8377580409572781	5.235987755982988
0.8377580409572781	0.8377580409572781	5.445427266222308
0.8377580409572781	0.8377580409572781	5.654866776461628
0.8377580409572781	0.8377580409572781	5.864306286700947
0.8377580409572781	0.8377580409572781	6.073745796940266
0.8377580409572781	0.9424777960769379	0.0
0.8377580409572781	0.9424777960769379	0.20943951023931953
0.8377580409572781	0.9424777960769379	0.41887902047863906
0.8377580409572781	0.9424777960769379	0.6283185307179586
0.8377580409572781	0.9424777960769379	0.8377580409572781
0.8377580409572781	0.9424777960769379	1.0471975511965976
0.8377580409572781	0.9424777960769379	1.2566370614359172
0.8377580409572781	0.9424777960769379	1.4660765716752366
0.8377580409572781	0.9424777960769379	1.6755160819145563
0.8377580409572781	0.9424777960769379	1.8849555921538759
0.8377580409572781	0.9424777960769379	2.0943951023931953
0.8377580409572781	0.9424777960769379	2.3038346126325147
0.8377580409572781	0.9424777960769379	2.5132741228718345
0.8377580409572781	0.9424777960769379	2.722713633111154
0.8377580409572781	0.9424777960769379	2.9321531433504733
0.8377580409572781	0.9424777960769379	3.141592653589793
0.8377580409572781	0.9424777960769379	3.3510321638291125
0.8377580409572781	0.9424777960769379	3.560471674068432
0.8377580409572781	0.9424777960769379	3.7699111843077517
0.8377580409572781	0.9424777960769379	3.979350694547071
0.8377580409572781	0.9424777960769379	4.1887902047863905
0.8377580409572781	0.9424777960769379	4.39822971502571
0.8377580409572781	0.9424777960769379	4.607669225265029
0.8377580409572781	0.9424777960769379	4.817108735504349
0.8377580409572781	0.9424777960769379	5.026548245743669
0.8377580409572781	0.9424777960769379	5.235987755982988
0.8377580409572781	0.9424777960769379	5.445427266222308
0.8377580409572781	0.9424777960769379	5.654866776461628
0.8377580409572781	0.9424777960769379	5.864306286700947
0.8377580409572781	0.9424777960769379	6.073745796940266
0.8377580409572781	1.0471975511965976	0.0
0.8377580409572781	1.0471975511965976	0.20943951023931953
0.8377580409572781	1.0471975511965976	0.41887902047863906
0.8377580409572781	1.0471975511965976	0.6283185307179586
0.8377580409572781	1.0471975511965976	0.8377580409572781
0.8377580409572781	1.0471975511965976	1.0471975511965976
0.8377580409572781	1.0471975511965976	1.2566370614359172
0.8377580409572781	1.0471975511965976	1.4660765716752366
0.8377580409572781	1.0471975511965976	1.6755160819145563
0.8377580409572781	1.0471975511965976	1.8849555921538759
0.8377580409572781	1.0471975511965976	2.0943951023931953
0.8377580409572781	1.0471975511965976	2.3038346126325147
0.8377580409572781	1.0471975511965976	2.5132741228718345
0.8377580409572781	1.0471975511965976	2.722713633111154
0.8377580409572781	1.0471975511965976	2.9321531433504733
0.8377580409572781	1.0471975511965976	3.141592653589793
0.8377580409572781	1.0471975511965976	3.3510321638291125
0.8377580409572781	1.0471975511965976	3.560471674068432
0.8377580409572781	1.0471975511965976	3.7699111843077517
0.8377580409572781	1.0471975511965976	3.979350694547071
0.8377580409572781	1.0471975511965976	4.1887902047863905
0.8377580409572781	1.0471975511965976	4.39822971502571
0.8377580409572781	1.0471975511965976	4.607669225265029
0.8377580409572781	1.0471975511965976	4.817108735504349
0.8377580409572781	1.0471975511965976	5.026548245743669
0.8377580409572781	1.0471975511965976	5.235987755982988
0.8377580409572781	1.0471975511965976	5.445427266222308
0.8377580409572781	1.0471975511965976	5.654866776461628
0.8377580409572781	1.0471975511965976	5.864306286700947
0.8377580409572781	1.0471975511965976	6.073745796940266
0.8377580409572781	1.1519173063162573	0.0
0.8377580409572781	1.1519173063162573	0.20943951023931953
0.8377580409572781	1.1519173063162573	0.41887902047863906
0.8377580409572781	1.1519173063162573	0.6283185307179586
0.8377580409572781	1.1519173063162573	0.8377580409572781
0.8377580409572781	1.1519173063162573	1.0471975511965976
0.8377580409572781	1.1519173063162573	1.2566370614359172
0.8377580409572781	1.1519173063162573	1.4660765716752366
0.8377580409572781	1.1519173063162573	1.6755160819145563
0.8377580409572781	1.1519173063162573	1.8849555921538759
0.8377580409572781	1.1519173063162573	2.0943951023931953
0.8377580409572781	1.1519173063162573	2.3038346126325147
0.8377580409572781	1.1519173063162573	2.5132741228718345
0.8377580409572781	1.1519173063162573	2.722713633111154
0.8377580409572781	1.1519173063162573	2.9321531433504733
0.8377580409572781	1.1519173063162573	3.141592653589793
0.8377580409572781	1.1519173063162573	3.3510321638291125
0.8377580409572781	1.1519173063162573	3.560471674068432
0.8377580409572781	1.1519173063162573	3.7699111843077517
0.8377580409572781	1.1519173063162573	3.979350694547071
0.8377580409572781	1.1519173063162573	4.1887902047863905
0.8377580409572781	1.1519173063162573	4.39822971502571
0.8377580409572781	1.1519173063162573	4.607669225265029
0.8377580409572781	1.1519173063162573	4.817108735504349
0.8377580409572781	1.1519173063162573	5.026548245743669
0.8377580409572781	1.1519173063162573	5.235987755982988
0.8377580409572781	1.1519173063162573	5.445427266222308
0.8377580409572781	1.1519173063162573	5.654866776461628
0.8377580409572781	1.1519173063162573	5.864306286700947
0.8377580409572781	1.1519173063162573	6.073745796940266
0.8377580409572781	1.2566370614359172	0.0
0.8377580409572781	1.2566370614359172	0.20943951023931953
0.8377580409572781	1.2566370614359172	0.41887902047863906
0.8377580409572781	1.2566370614359172	0.6283185307179586
0.8377580409572781	1.2566370614359172	0.8377580409572781
0.8377580409572781	1.2566370614359172	1.0471975511965976
0.8377580409572781	1.2566370614359172	1.2566370614359172
0.8377580409572781	1.2566370614359172	1.4660765716752366
0.8377580409572781	1.2566370614359172	1.6755160819145563
0.8377580409572781	1.2566370614359172	1.8849555921538759
0.8377580409572781	1.2566370614359172	2.0943951023931953
0.8377580409572781	1.2566370614359172	2.3038346126325147
0.8377580409572781	1.2566370614359172	2.5132741228718345
0.8377580409572781	1.2566370614359172	2.722713633111154
0.8377580409572781	1.2566370614359172	2.9321531433504733
0.8377580409572781	1.2566370614359172	3.141592653589793
0.8377580409572781	1.2566370614359172	3.3510321638291125
0.8377580409572781	1.2566370614359172	3.560471674068432
0.8377580409572781	1.2566370614359172	3.7699111843077517
0.8377580409572781	1.2566370614359172	3.979350694547071
0.8377580409572781	1.2566370614359172	4.1887902047863905
0.8377580409572781	1.2566370614359172	4.39822971502571
0.8377580409572781	1.2566370614359172	4.607669225265029
0.8377580409572781	1.2566370614359172	4.817108735504349
0.8377580409572781	1.2566370614359172	5.026548245743669
0.8377580409572781	1.2566370614359172	5.235987755982988
0.8377580409572781	1.2566370614359172	5.445427266222308
0.8377580409572781	1.2566370614359172	5.654866776461628
0.8377580409572781	1.2566370614359172	5.864306286700947
0.8377580409572781	1.2566370614359172	6.073745796940266
0.8377580409572781	1.361356816555577	0.0
0.8377580409572781	1.361356816555577	0.20943951023931953
0.8377580409572781	1.361356816555577	0.41887902047863906
0.8377580409572781	1.361356816555577	0.6283185307179586
0.8377580409572781	1.361356816555577	0.8377580409572781
0.8377580409572781	1.361356816555577	1.0471975511965976
0.8377580409572781	1.361356816555577	1.2566370614359172
0.8377580409572781	1.361356816555577	1.4660765716752366
0.8377580409572781	1.361356816555577	1.6755160819145563
0.8377580409572781	1.361356816555577	1.8849555921538759
0.8377580409572781	1.361356816555577	2.0943951023931953
0.8377580409572781	1.361356816555577	2.3038346126325147
0.8377580409572781	1.361356816555577	2.5132741228718345
0.8377580409572781	1.361356816555577	2.722713633111154
0.8377580409572781	1.361356816555577	2.9321531433504733
0.8377580409572781	1.361356816555577	3.141592653589793
0.8377580409572781	1.361356816555577	3.3510321638291125
0.8377580409572781	1.361356816555577	3.560471674068432
0.8377580409572781	1.361356816555577	3.7699111843077517
0.8377580409572781	1.361356816555577	3.979350694547071
0.8377580409572781	1.361356816555577	4.1887902047863905
0.8377580409572781	1.361356816555577	4.39822971502571
0.8377580409572781	1.361356816555577	4.607669225265029
0.8377580409572781	1.361356816555577	4.817108735504349
0.8377580409572781	1.361356816555577	5.026548245743669
0.8377580409572781	1.361356816555577	5.235987755982988
0.8377580409572781	1.361356816555577	5.445427266222308
0.8377580409572781	1.361356816555577	5.654866776461628
0.8377580409572781	1.361356816555577	5.864306286700947
0.8377580409572781	1.361356816555577	6.073745796940266
0.8377580409572781	1.4660765716752366	0.0
0.8377580409572781	1.4660765716752366	0.20943951023931953
0.8377580409572781	1.4660765716752366	0.41887902047863906
0.8377580409572781	1.4660765716752366	0.6283185307179586
0.8377580409572781	1.4660765716752366	0.8377580409572781
0.8377580409572781	1.4660765716752366	1.0471975511965976
0.8377580409572781	1.4660765716752366	1.2566370614359172
0.8377580409572781	1.4660765716752366	1.4660765716752366
0.8377580409572781	1.4660765716752366	1.6755160819145563
0.8377580409572781	1.4660765716752366	1.8849555921538759
0.8377580409572781	1.4660765716752366	2.0943951023931953
0.8377580409572781	1.4660765716752366	2.3038346126325147
0.8377580409572781	1.4660765716752366	2.5132741228718345
0.8377580409572781	1.4660765716752366	2.722713633111154
0.8377580409572781	1.4660765716752366	2.9321531433504733
0.8377580409572781	1.4660765716752366	3.141592653589793
0.8377580409572781	1.4660765716752366	3.3510321638291125
0.8377580409572781	1.4660765716752366	3.560471674068432
0.8377580409572781	1.4660765716752366	3.7699111843077517
0.8377580409572781	1.4660765716752366	3.979350694547071
0.8377580409572781	1.4660765716752366	4.1887902047863905
0.8377580409572781	1.4660765716752366	4.39822971502571
0.8377580409572781	1.4660765716752366	4.607669225265029
0.8377580409572781	1.4660765716752366	4.817108735504349
0.8377580409572781	1.4660765716752366	5.026548245743669
0.8377580409572781	1.4660765716752366	5.235987755982988
0.8377580409572781	1.4660765716752366	5.445427266222308
0.8377580409572781	1.4660765716752366	5.654866776461628
0.8377580409572781	1.4660765716752366	5.864306286700947
0.8377580409572781	1.4660765716752366	6.073745796940266
0.9424777960769379	0.0	0.0
0.9424777960769379	0.0	0.20943951023931953
0.9424777960769379	0.0	0.41887902047863906
0.9424777960769379	0.0	0.6283185307179586
0.9424777960769379	0.0	0.8377580409572781
0.9424777960769379	0.0	1.0471975511965976
0.9424777960769379	0.0	1.2566370614359172
0.9424777960769379	0.0	1.4660765716752366
0.9424777960769379	0.0	1.6755160819145563
0.9424777960769379	0.0	1.8849555921538759
0.9424777960769379	0.0	2.0943951023931953
0.9424777960769379	0.0	2.3038346126325147
0.9424777960769379	0.0	2.5132741228718345
0.9424777960769379	0.0	2.722713633111154
0.9424777960769379	0.0	2.9321531433504733
0.9424777960769379	0.0	3.141592653589793
0.9424777960769379	0.0	3.3510321638291125
0.9424777960769379	0.0	3.560471674068432
0.9424777960769379	0.0	3.7699111843077517
0.9424777960769379	0.0	3.979350694547071
0.9424777960769379	0.0	4.1887902047863905
0.9424777960769379	0.0	4.39822971502571
0.9424777960769379	0.0	4.607669225265029
0.9424777960769379	0.0	4.817108735504349
0.9424777960769379	0.0	5.026548245743669
0.9424777960769379	0.0	5.235987755982988
0.9424777960769379	0.0	5.445427266222308
0.9424777960769379	0.0	5.654866776461628
0.9424777960769379	0.0	5.864306286700947
0.9424777960769379	0.0	6.073745796940266
0.9424777960769379	0.10471975511965977	0.0
0.9424777960769379	0.10471975511965977	0.20943951023931953
0.9424777960769379	0.10471975511965977	0.41887902047863906
0.9424777960769379	0.10471975511965977	0.6283185307179586
0.9424777960769379	0.10471975511965977	0.8377580409572781
0.9424777960769379	0.10471975511965977	1.0471975511965976
0.9424777960769379	0.10471975511965977	1.2566370614359172
0.9424777960769379	0.10471975511965977	1.4660765716752366
0.9424777960769379	0.10471975511965977	1.6755160819145563
0.9424777960769379	0.10471975511965977	1.8849555921538759
0.9424777960769379	0.10471975511965977	2.0943951023931953
0.9424777960769379	0.10471975511965977	2.3038346126325147
0.9424777960769379	0.10471975511965977	2.5132741228718345
0.9424777960769379	0.10471975511965977	2.722713633111154
0.9424777960769379	0.10471975511965977	2.9321531433504733
0.9424777960769379	0.10471975511965977	3.141592653589793
0.9424777960769379	0.10471975511965977	3.3510321638291125
0.9424777960769379	0.10471975511965977	3.560471674068432
0.9424777960769379	0.10471975511965977	3.7699111843077517
0.9424777960769379	0.10471975511965977	3.979350694547071
0.9424777960769379	0.10471975511965977	4.1887902047863905
0.9424777960769379	0.10471975511965977	4.39822971502571
0.9424777960769379	0.10471975511965977	4.607669225265029
0.9424777960769379	0.10471975511965977	4.817108735504349
0.9424777960769379	0.10471975511965977	5.026548245743669
0.9424777960769379	0.10471975511965977	5.235987755982988
0.9424777960769379	0.10471975511965977	5.445427266222308
0.9424777960769379	0.10471975511965977	5.654866776461628
0.9424777960769379	0.10471975511965977	5.864306286700947
0.9424777960769379	0.10471975511965977	6.073745796940266
0.9424777960769379	0.20943951023931953	0.0
0.9424777960769379	0.20943951023931953	0.20943951023931953
0.9424777960769379	0.20943951023931953	0.41887902047863906
0.9424777960769379	0.20943951023931953	0.6283185307179586
0.9424777960769379	0.20943951023931953	0.8377580409572781
0.9424777960769379	0.20943951023931953	1.0471975511965976
0.9424777960769379	0.20943951023931953	1.2566370614359172
0.9424777960769379	0.20943951023931953	1.4660765716752366
0.9424777960769379	0.20943951023931953	1.6755160819145563
0.9424777960769379	0.20943951023931953	1.8849555921538759
0.9424777960769379	0.20943951023931953	2.0943951023931953
0.9424777960769379	0.20943951023931953	2.3038346126325147
0.9424777960769379	0.20943951023931953	2.5132741228718345
0.9424777960769379	0.20943951023931953	2.722713633111154
0.9424777960769379	0.20943951023931953	2.9321531433504733
0.9424777960769379	0.20943951023931953	3.141592653589793
0.9424777960769379	0.20943951023931953	3.3510321638291125
0.9424777960769379	0.20943951023931953	3.560471674068432
0.9424777960769379	0.20943951023931953	3.7699111843077517
0.9424777960769379	0.20943951023931953	3.979350694547071
0.9424777960769379	0.20943951023931953	4.1887902047863905
0.9424777960769379	0.20943951023931953	4.39822971502571
0.9424777960769379	0.20943951023931953	4.607669225265029
0.9424777960769379	0.20943951023931953	4.817108735504349
0.9424777960769379	0.20943951023931953	5.026548245743669
0.9424777960769379	0.20943951023931953	5.235987755982988
0.9424777960769379	0.20943951023931953	5.445427266222308
0.9424777960769379	0.20943951023931953	5.654866776461628
0.9424777960769379	0.20943951023931953	5.864306286700947
0.9424777960769379	0.20943951023931953	6.073745796940266
0.9424777960769379	0.3141592653589793	0.0
0.9424777960769379	0.3141592653589793	0.20943951023931953
0.9424777960769379	0.3141592653589793	0.41887902047863906
0.9424777960769379	0.3141592653589793	0.6283185307179586
0.9424777960769379	0.3141592653589793	0.8377580409572781
0.9424777960769379	0.3141592653589793	1.0471975511965976
0.9424777960769379	0.3141592653589793	1.2566370614359172
0.9424777960769379	0.3141592653589793	1.4660765716752366
0.9424777960769379	0.3141592653589793	1.6755160819145563
0.9424777960769379	0.3141592653589793	1.8849555921538759
0.9424777960769379	0.3141592653589793	2.0943951023931953
0.9424777960769379	0.3141592653589793	2.3038346126325147
0.9424777960769379	0.3141592653589793	2.5132741228718345
0.9424777960769379	0.3141592653589793	2.722713633111154
0.9424777960769379	0.3141592653589793	2.9321531433504733
0.9424777960769379	0.3141592653589793	3.141592653589793
0.9424777960769379	0.3141592653589793	3.3510321638291125
0.9424777960769379	0.3141592653589793	3.560471674068432
0.9424777960769379	0.3141592653589793	3.7699111843077517
0.9424777960769379	0.3141592653589793	3.979350694547071
0.9424777960769379	0.3141592653589793	4.1887902047863905
0.9424777960769379	0.3141592653589793	4.39822971502571
0.9424777960769379	0.3141592653589793	4.607669225265029
0.9424777960769379	0.3141592653589793	4.817108735504349
0.9424777960769379	0.3141592653589793	5.026548245743669
0.9424777960769379	0.3141592653589793	5.235987755982988
0.9424777960769379	0.3141592653589793	5.445427266222308
0.9424777960769379	0.3141592653589793	5.654866776461628
0.9424777960769379	0.3141592653589793	5.864306286700947
0.9424777960769379	0.3141592653589793	6.073745796940266
0.9424777960769379	0.41887902047863906	0.0
0.9424777960769379	0.41887902047863906	0.20943951023931953
0.9424777960769379	0.41887902047863906	0.41887902047863906
0.9424777960769379	0.41887902047863906	0.6283185307179586
0.9424777960769379	0.41887902047863906	0.8377580409572781
0.9424777960769379	0.41887902047863906	1.0471975511965976
0.9424777960769379	0.41887902047863906	1.2566370614359172
0.9424777960769379	0.41887902047863906	1.4660765716752366
0.9424777960769379	0.41887902047863906	1.6755160819145563
0.9424777960769379	0.41887902047863906	1.8849555921538759
0.9424777960769379	0.41887902047863906	2.0943951023931953
0.9424777960769379	0.41887902047863906	2.3038346126325147
0.9424777960769379	0.41887902047863906	2.5132741228718345
0.9424777960769379	0.41887902047863906	2.722713633111154
0.9424777960769379	0.41887902047863906	2.9321531433504733
0.9424777960769379	0.41887902047863906	3.141592653589793
0.9424777960769379	0.41887902047863906	3.3510321638291125
0.9424777960769379	0.41887902047863906	3.560471674068432
0.9424777960769379	0.41887902047863906	3.7699111843077517
0.9424777960769379	0.41887902047863906	3.979350694547071
0.9424777960769379	0.41887902047863906	4.1887902047863905
0.9424777960769379	0.41887902047863906	4.39822971502571
0.9424777960769379	0.41887902047863906	4.607669225265029
0.9424777960769379	0.41887902047863906	4.817108735504349
0.9424777960769379	0.41887902047863906	5.026548245743669
0.9424777960769379	0.41887902047863906	5.235987755982988
0.9424777960769379	0.41887902047863906	5.445427266222308
0.9424777960769379	0.41887902047863906	5.654866776461628
0.9424777960769379	0.41887902047863906	5.864306286700947
0.9424777960769379	0.41887902047863906	6.073745796940266
0.9424777960769379	0.5235987755982988	0.0
0.9424777960769379	0.5235987755982988	0.20943951023931953
0.9424777960769379	0.5235987755982988	0.41887902047863906
0.9424777960769379	0.5235987755982988	0.6283185307179586
0.9424777960769379	0.5235987755982988	0.8377580409572781
0.9424777960769379	0.5235987755982988	1.0471975511965976
0.9424777960769379	0.5235987755982988	1.2566370614359172
0.9424777960769379	0.5235987755982988	1.4660765716752366
0.9424777960769379	0.5235987755982988	1.6755160819145563
0.9424777960769379	0.5235987755982988	1.8849555921538759
0.9424777960769379	0.5235987755982988	2.0943951023931953
0.9424777960769379	0.5235987755982988	2.3038346126325147
0.9424777960769379	0.5235987755982988	2.5132741228718345
0.9424777960769379	0.5235987755982988	2.722713633111154
0.9424777960769379	0.5235987755982988	2.9321531433504733
0.9424777960769379	0.5235987755982988	3.141592653589793
0.9424777960769379	0.5235987755982988	3.3510321638291125
0.9424777960769379	0.5235987755982988	3.560471674068432
0.9424777960769379	0.5235987755982988	3.7699111843077517
0.9424777960769379	0.5235987755982988	3.979350694547071
0.9424777960769379	0.5235987755982988	4.1887902047863905
0.9424777960769379	0.5235987755982988	4.39822971502571
0.9424777960769379	0.5235987755982988	4.607669225265029
0.9424777960769379	0.5235987755982988	4.817108735504349
0.9424777960769379	0.5235987755982988	5.026548245743669
0.9424777960769379	0.5235987755982988	5.235987755982988
0.9424777960769379	0.5235987755982988	5.445427266222308
0.9424777960769379	0.5235987755982988	5.654866776461628
0.9424777960769379	0.5235987755982988	5.864306286700947
0.9424777960769379	0.5235987755982988	6.073745796940266
0.9424777960769379	0.6283185307179586	0.0
0.9424777960769379	0.6283185307179586	0.20943951023931953
0.9424777960769379	0.6283185307179586	0.41887902047863906
0.9424777960769379	0.6283185307179586	0.6283185307179586
0.9424777960769379	0.6283185307179586	0.8377580409572781
0.9424777960769379	0.6283185307179586	1.0471975511965976
0.9424777960769379	0.6283185307179586	1.2566370614359172
0.9424777960769379	0.6283185307179586	1.4660765716752366
0.9424777960769379	0.6283185307179586	1.6755160819145563
0.9424777960769379	0.6283185307179586	1.8849555921538759
0.9424777960769379	0.6283185307179586	2.0943951023931953
0.9424777960769379	0.6283185307179586	2.3038346126325147
0.9424777960769379	0.6283185307179586	2.5132741228718345
0.9424777960769379	0.6283185307179586	2.722713633111154
0.9424777960769379	0.6283185307179586	2.9321531433504733
0.9424777960769379	0.6283185307179586	3.141592653589793
0.9424777960769379	0.6283185307179586	3.3510321638291125
0.9424777960769379	0.6283185307179586	3.560471674068432
0.9424777960769379	0.6283185307179586	3.7699111843077517
0.9424777960769379	0.6283185307179586	3.979350694547071
0.9424777960769379	0.6283185307179586	4.1887902047863905
0.9424777960769379	0.6283185307179586	4.39822971502571
0.9424777960769379	0.6283185307179586	4.607669225265029
0.9424777960769379	0.6283185307179586	4.817108735504349
0.9424777960769379	0.6283185307179586	5.026548245743669
0.9424777960769379	0.6283185307179586	5.235987755982988
0.9424777960769379	0.6283185307179586	5.445427266222308
0.9424777960769379	0.6283185307179586	5.654866776461628
0.9424777960769379	0.6283185307179586	5.864306286700947
0.9424777960769379	0.6283185307179586	6.073745796940266
0.9424777960769379	0.7330382858376183	0.0
0.9424777960769379	0.7330382858376183	0.20943951023931953
0.9424777960769379	0.7330382858376183	0.41887902047863906
0.9424777960769379	0.7330382858376183	0.6283185307179586
0.9424777960769379	0.7330382858376183	0.8377580409572781
0.9424777960769379	0.7330382858376183	1.0471975511965976
0.9424777960769379	0.7330382858376183	1.2566370614359172
0.9424777960769379	0.7330382858376183	1.4660765716752366
0.9424777960769379	0.7330382858376183	1.6755160819145563
0.9424777960769379	0.7330382858376183	1.8849555921538759
0.9424777960769379	0.7330382858376183	2.0943951023931953
0.9424777960769379	0.7330382858376183	2.3038346126325147
0.9424777960769379	0.7330382858376183	2.5132741228718345
0.9424777960769379	0.7330382858376183	2.722713633111154
0.9424777960769379	0.7330382858376183	2.9321531433504733
0.9424777960769379	0.7330382858376183	3.141592653589793
0.9424777960769379	0.7330382858376183	3.3510321638291125
0.9424777960769379	0.7330382858376183	3.560471674068432
0.9424777960769379	0.7330382858376183	3.7699111843077517
0.9424777960769379	0.7330382858376183	3.979350694547071
0.9424777960769379	0.7330382858376183	4.1887902047863905
0.9424777960769379	0.7330382858376183	4.39822971502571
0.9424777960769379	0.7330382858376183	4.607669225265029
0.9424777960769379	0.7330382858376183	4.817108735504349
0.9424777960769379	0.7330382858376183	5.026548245743669
0.9424777960769379	0.7330382858376183	5.235987755982988
0.9424777960769379	0.7330382858376183	5.445427266222308
0.9424777960769379	0.7330382858376183	5.654866776461628
0.9424777960769379	0.7330382858376183	5.864306286700947
0.9424777960769379	0.7330382858376183	6.073745796940266
0.9424777960769379	0.8377580409572781	0.0
0.9424777960769379	0.8377580409572781	0.20943951023931953
0.9424777960769379	0.8377580409572781	0.41887902047863906
0.9424777960769379	0.8377580409572781	0.6283185307179586
0.9424777960769379	0.8377580409572781	0.8377580409572781
0.9424777960769379	0.8377580409572781	1.0471975511965976
0.9424777960769379	0.8377580409572781	1.2566370614359172
0.9424777960769379	0.8377580409572781	1.4660765716752366
0.9424777960769379	0.8377580409572781	1.6755160819145563
0.9424777960769379	0.8377580409572781	1.8849555921538759
0.9424777960769379	0.8377580409572781	2.0943951023931953
0.9424777960769379	0.8377580409572781	2.3038346126325147
0.9424777960769379	0.8377580409572781	2.5132741228718345
0.9424777960769379	0.8377580409572781	2.722713633111154
0.9424777960769379	0.8377580409572781	2.9321531433504733
0.9424777960769379	0.8377580409572781	3.141592653589793
0.9424777960769379	0.8377580409572781	3.3510321638291125
0.9424777960769379	0.8377580409572781	3.560471674068432
0.9424777960769379	0.8377580409572781	3.7699111843077517
0.9424777960769379	0.8377580409572781	3.979350694547071
0.9424777960769379	0.8377580409572781	4.1887902047863905
0.9424777960769379	0.8377580409572781	4.39822971502571
0.9424777960769379	0.8377580409572781	4.607669225265029
0.9424777960769379	0.8377580409572781	4.817108735504349
0.9424777960769379	0.8377580409572781	5.026548245743669
0.9424777960769379	0.8377580409572781	5.235987755982988
0.9424777960769379	0.8377580409572781	5.445427266222308
0.9424777960769379	0.8377580409572781	5.654866776461628
0.9424777960769379	0.8377580409572781	5.864306286700947
0.9424777960769379	0.8377580409572781	6.073745796940266
0.9424777960769379	0.9424777960769379	0.0
0.9424777960769379	0.9424777960769379	0.20943951023931953
0.9424777960769379	0.9424777960769379	0.41887902047863906
0.9424777960769379	0.9424777960769379	0.6283185307179586
0.9424777960769379	0.9424777960769379	0.8377580409572781
0.9424777960769379	0.9424777960769379	1.0471975511965976
0.9424777960769379	0.9424777960769379	1.2566370614359172
0.9424777960769379	0.9424777960769379	1.4660765716752366
0.9424777960769379	0.9424777960769379	1.6755160819145563
0.9424777960769379	0.9424777960769379	1.8849555921538759
0.9424777960769379	0.9424777960769379	2.0943951023931953
0.9424777960769379	0.9424777960769379	2.3038346126325147
0.9424777960769379	0.9424777960769379	2.5132741228718345
0.9424777960769379	0.9424777960769379	2.722713633111154
0.9424777960769379	0.9424777960769379	2.9321531433504733
0.9424777960769379	0.9424777960769379	3.141592653589793
0.9424777960769379	0.9424777960769379	3.3510321638291125
0.9424777960769379	0.9424777960769379	3.560471674068432
0.9424777960769379	0.9424777960769379	3.7699111843077517
0.9424777960769379	0.9424777960769379	3.979350694547071
0.9424777960769379	0.9424777960769379	4.1887902047863905
0.9424777960769379	0.9424777960769379	4.39822971502571
0.9424777960769379	0.9424777960769379	4.607669225265029
0.9424777960769379	0.9424777960769379	4.817108735504349
0.9424777960769379	0.9424777960769379	5.026548245743669
0.9424777960769379	0.9424777960769379	5.235987755982988
0.9424777960769379	0.9424777960769379	5.445427266222308
0.9424777960769379	0.9424777960769379	5.654866776461628
0.9424777960769379	0.9424777960769379	5.864306286700947
0.9424777960769379	0.9424777960769379	6.073745796940266
0.9424777960769379	1.0471975511965976	0.0
0.9424777960769379	1.0471975511965976	0.20943951023931953
0.9424777960769379	1.0471975511965976	0.41887902047863906
0.9424777960769379	1.0471975511965976	0.6283185307179586
0.9424777960769379	1.0471975511965976	0.8377580409572781
0.9424777960769379	1.0471975511965976	1.0471975511965976
0.9424777960769379	1.0471975511965976	1.2566370614359172
0.9424777960769379	1.0471975511965976	1.4660765716752366
0.9424777960769379	1.0471975511965976	1.6755160819145563
0.9424777960769379	1.0471975511965976	1.8849555921538759
0.9424777960769379	1.0471975511965976	2.0943951023931953
0.9424777960769379	1.0471975511965976	2.3038346126325147
0.9424777960769379	1.0471975511965976	2.5132741228718345
0.9424777960769379	1.0471975511965976	2.722713633111154
0.9424777960769379	1.0471975511965976	2.9321531433504733
0.9424777960769379	1.0471975511965976	3.141592653589793
0.9424777960769379	1.0471975511965976	3.3510321638291125
0.9424777960769379	1.0471975511965976	3.560471674068432
0.9424777960769379	1.0471975511965976	3.7699111843077517
0.9424777960769379	1.0471975511965976	3.979350694547071
0.9424777960769379	1.0471975511965976	4.1887902047863905
0.9424777960769379	1.0471975511965976	4.39822971502571
0.9424777960769379	1.0471975511965976	4.607669225265029
0.9424777960769379	1.0471975511965976	4.817108735504349
0.9424777960769379	1.0471975511965976	5.026548245743669
0.9424777960769379	1.0471975511965976	5.235987755982988
0.9424777960769379	1.0471975511965976	5.445427266222308
0.9424777960769379	1.0471975511965976	5.654866776461628
0.9424777960769379	1.0471975511965976	5.864306286700947
0.9424777960769379	1.0471975511965976	6.073745796940266
0.9424777960769379	1.1519173063162573	0.0
0.9424777960769379	1.1519173063162573	0.20943951023931953
0.9424777960769379	1.1519173063162573	0.41887902047863906
0.9424777960769379	1.1519173063162573	0.6283185307179586
0.9424777960769379	1.1519173063162573	0.8377580409572781
0.9424777960769379	1.1519173063162573	1.0471975511965976
0.9424777960769379	1.1519173063162573	1.2566370614359172
0.9424777960769379	1.1519173063162573	1.4660765716752366
0.9424777960769379	1.1519173063162573	1.6755160819145563
0.9424777960769379	1.1519173063162573	1.8849555921538759
0.9424777960769379	1.1519173063162573	2.0943951023931953
0.9424777960769379	1.1519173063162573	2.3038346126325147
0.9424777960769379	1.1519173063162573	2.5132741228718345
0.9424777960769379	1.1519173063162573	2.722713633111154
0.9424777960769379	1.1519173063162573	2.9321531433504733
0.9424777960769379	1.1519173063162573	3.141592653589793
0.9424777960769379	1.1519173063162573	3.3510321638291125
0.9424777960769379	1.1519173063162573	3.560471674068432
0.9424777960769379	1.1519173063162573	3.7699111843077517
0.9424777960769379	1.1519173063162573	3.979350694547071
0.9424777960769379	1.1519173063162573	4.1887902047863905
0.9424777960769379	1.1519173063162573	4.39822971502571
0.9424777960769379	1.1519173063162573	4.607669225265029
0.9424777960769379	1.1519173063162573	4.817108735504349
0.9424777960769379	1.1519173063162573	5.026548245743669
0.9424777960769379	1.1519173063162573	5.235987755982988
0.9424777960769379	1.1519173063162573	5.445427266222308
0.9424777960769379	1.1519173063162573	5.654866776461628
0.9424777960769379	1.1519173063162573	5.864306286700947
0.9424777960769379	1.1519173063162573	6.073745796940266
0.9424777960769379	1.2566370614359172	0.0
0.9424777960769379	1.2566370614359172	0.20943951023931953
0.9424777960769379	1.2566370614359172	0.41887902047863906
0.9424777960769379	1.2566370614359172	0.6283185307179586
0.9424777960769379	1.2566370614359172	0.8377580409572781
0.9424777960769379	1.2566370614359172	1.0471975511965976
0.9424777960769379	1.2566370614359172	1.2566370614359172
0.9424777960769379	1.2566370614359172	1.4660765716752366
0.9424777960769379	1.2566370614359172	1.6755160819145563
0.9424777960769379	1.2566370614359172	1.8849555921538759
0.9424777960769379	1.2566370614359172	2.0943951023931953
0.9424777960769379	1.2566370614359172	2.3038346126325147
0.9424777960769379	1.2566370614359172	2.5132741228718345
0.9424777960769379	1.2566370614359172	2.722713633111154
0.9424777960769379	1.2566370614359172	2.9321531433504733
0.9424777960769379	1.2566370614359172	3.141592653589793
0.9424777960769379	1.2566370614359172	3.3510321638291125
0.9424777960769379	1.2566370614359172	3.560471674068432
0.9424777960769379	1.2566370614359172	3.7699111843077517
0.9424777960769379	1.2566370614359172	3.979350694547071
0.9424777960769379	1.2566370614359172	4.1887902047863905
0.9424777960769379	1.2566370614359172	4.39822971502571
0.9424777960769379	1.2566370614359172	4.607669225265029
0.9424777960769379	1.2566370614359172	4.817108735504349
0.9424777960769379	1.2566370614359172	5.026548245743669
0.9424777960769379	1.2566370614359172	5.235987755982988
0.9424777960769379	1.2566370614359172	5.445427266222308
0.9424777960769379	1.2566370614359172	5.654866776461628
0.9424777960769379	1.2566370614359172	5.864306286700947
0.9424777960769379	1.2566370614359172	6.073745796940266
0.9424777960769379	1.361356816555577	0.0
0.9424777960769379	1.361356816555577	0.20943951023931953
0.9424777960769379	1.361356816555577	0.41887902047863906
0.9424777960769379	1.361356816555577	0.6283185307179586
0.9424777960769379	1.361356816555577	0.8377580409572781
0.9424777960769379	1.361356816555577	1.0471975511965976
0.9424777960769379	1.361356816555577	1.2566370614359172
0.9424777960769379	1.361356816555577	1.4660765716752366
0.9424777960769379	1.361356816555577	1.6755160819145563
0.9424777960769379	1.361356816555577	1.8849555921538759
0.9424777960769379	1.361356816555577	2.0943951023931953
0.9424777960769379	1.361356816555577	2.3038346126325147
0.9424777960769379	1.361356816555577	2.5132741228718345
0.9424777960769379	1.361356816555577	2.722713633111154
0.9424777960769379	1.361356816555577	2.9321531433504733
0.9424777960769379	1.361356816555577	3.141592653589793
0.9424777960769379	1.361356816555577	3.3510321638291125
0.9424777960769379	1.361356816555577	3.560471674068432
0.9424777960769379	1.361356816555577	3.7699111843077517
0.9424777960769379	1.361356816555577	3.979350694547071
0.9424777960769379	1.361356816555577	4.1887902047863905
0.9424777960769379	1.361356816555577	4.39822971502571
0.9424777960769379	1.361356816555577	4.607669225265029
0.9424777960769379	1.361356816555577	4.817108735504349
0.9424777960769379	1.361356816555577	5.026548245743669
0.9424777960769379	1.361356816555577	5.235987755982988
0.9424777960769379	1.361356816555577	5.445427266222308
0.9424777960769379	1.361356816555577	5.654866776461628
0.9424777960769379	1.361356816555577	5.864306286700947
0.9424777960769379	1.361356816555577	6.073745796940266
0.9424777960769379	1.4660765716752366	0.0
0.9424777960769379	1.4660765716752366	0.20943951023931953
0.9424777960769379	1.4660765716752366	0.41887902047863906
0.9424777960769379	1.4660765716752366	0.6283185307179586
0.9424777960769379	1.4660765716752366	0.8377580409572781
0.9424777960769379	1.4660765716752366	1.0471975511965976
0.9424777960769379	1.4660765716752366	1.2566370614359172
0.9424777960769379	1.4660765716752366	1.4660765716752366
0.9424777960769379	1.4660765716752366	1.6755160819145563
0.9424777960769379	1.4660765716752366	1.8849555921538759
0.9424777960769379	1.4660765716752366	2.0943951023931953
0.9424777960769379	1.4660765716752366	2.3038346126325147
0.9424777960769379	1.4660765716752366	2.5132741228718345
0.9424777960769379	1.4660765716752366	2.722713633111154
0.9424777960769379	1.4660765716752366	2.9321531433504733
0.9424777960769379	1.4660765716752366	3.141592653589793
0.9424777960769379	1.4660765716752366	3.3510321638291125
0.9424777960769379	1.4660765716752366	3.560471674068432
0.9424777960769379	1.4660765716752366	3.7699111843077517
0.9424777960769379	1.4660765716752366	3.979350694547071
0.9424777960769379	1.4660765716752366	4.1887902047863905
0.9424777960769379	1.4660765716752366	4.39822971502571
0.9424777960769379	1.4660765716752366	4.607669225265029
0.9424777960769379	1.4660765716752366	4.817108735504349
0.9424777960769379	1.4660765716752366	5.026548245743669
0.9424777960769379	1.4660765716752366	5.235987755982988
0.9424777960769379	1.4660765716752366	5.445427266222308
0.9424777960769379	1.4660765716752366	5.654866776461628
0.9424777960769379	1.4660765716752366	5.864306286700947
0.9424777960769379	1.4660765716752366	6.073745796940266
1.0471975511965976	0.0	0.0
1.0471975511965976	0.0	0.20943951023931953
1.0471975511965976	0.0	0.41887902047863906
1.0471975511965976	0.0	0.6283185307179586
1.0471975511965976	0.0	0.8377580409572781
1.0471975511965976	0.0	1.0471975511965976
1.0471975511965976	0.0	1.2566370614359172
1.0471975511965976	0.0	1.4660765716752366
1.0471975511965976	0.0	1.6755160819145563
1.0471975511965976	0.0	1.8849555921538759
1.0471975511965976	0.0	2.0943951023931953
1.0471975511965976	0.0	2.3038346126325147
1.0471975511965976	0.0	2.5132741228718345
1.0471975511965976	0.0	2.722713633111154
1.0471975511965976	0.0	2.9321531433504733
1.0471975511965976	0.0	3.141592653589793
1.0471975511965976	0.0	3.3510321638291125
1.0471975511965976	0.0	3.560471674068432
1.0471975511965976	0.0	3.7699111843077517
1.0471975511965976	0.0	3.979350694547071
1.0471975511965976	0.0	4.1887902047863905
1.0471975511965976	0.0	4.39822971502571
1.0471975511965976	0.0	4.607669225265029
1.0471975511965976	0.0	4.817108735504349
1.0471975511965976	0.0	5.026548245743669
1.0471975511965976	0.0	5.235987755982988
1.0471975511965976	0.0	5.445427266222308
1.0471975511965976	0.0	5.654866776461628
1.0471975511965976	0.0	5.864306286700947
1.0471975511965976	0.0	6.073745796940266
1.0471975511965976	0.10471975511965977	0.0
1.0471975511965976	0.10471975511965977	0.20943951023931953
1.0471975511965976	0.10471975511965977	0.41887902047863906
1.0471975511965976	0.10471975511965977	0.6283185307179586
1.0471975511965976	0.10471975511965977	0.8377580409572781
1.0471975511965976	0.10471975511965977	1.0471975511965976
1.0471975511965976	0.10471975511965977	1.2566370614359172
1.0471975511965976	0.10471975511965977	1.4660765716752366
1.0471975511965976	0.10471975511965977	1.6755160819145563
1.0471975511965976	0.10471975511965977	1.8849555921538759
1.0471975511965976	0.10471975511965977	2.0943951023931953
1.0471975511965976	0.10471975511965977	2.3038346126325147
1.0471975511965976	0.10471975511965977	2.5132741228718345
1.0471975511965976	0.10471975511965977	2.722713633111154
1.0471975511965976	0.10471975511965977	2.9321531433504733
1.0471975511965976	0.10471975511965977	3.141592653589793
1.0471975511965976	0.10471975511965977	3.3510321638291125
1.0471975511965976	0.10471975511965977	3.560471674068432
1.0471975511965976	0.10471975511965977	3.7699111843077517
1.0471975511965976	0.10471975511965977	3.979350694547071
1.0471975511965976	0.10471975511965977	4.1887902047863905
1.0471975511965976	0.10471975511965977	4.39822971502571
1.0471975511965976	0.10471975511965977	4.607669225265029
1.0471975511965976	0.10471975511965977	4.817108735504349
1.0471975511965976	0.10471975511965977	5.026548245743669
1.0471975511965976	0.10471975511965977	5.235987755982988
1.0471975511965976	0.10471975511965977	5.445427266222308
1.0471975511965976	0.10471975511965977	5.654866776461628
1.0471975511965976	0.10471975511965977	5.864306286700947
1.0471975511965976	0.10471975511965977	6.073745796940266
1.0471975511965976	0.20943951023931953	0.0
1.0471975511965976	0.20943951023931953	0.20943951023931953
1.0471975511965976	0.20943951023931953	0.41887902047863906
1.0471975511965976	0.20943951023931953	0.6283185307179586
1.0471975511965976	0.20943951023931953	0.8377580409572781
1.0471975511965976	0.20943951023931953	1.0471975511965976
1.0471975511965976	0.20943951023931953	1.2566370614359172
1.0471975511965976	0.20943951023931953	1.4660765716752366
1.0471975511965976	0.20943951023931953	1.6755160819145563
1.0471975511965976	0.20943951023931953	1.8849555921538759
1.0471975511965976	0.20943951023931953	2.0943951023931953
1.0471975511965976	0.20943951023931953	2.3038346126325147
1.0471975511965976	0.20943951023931953	2.5132741228718345
1.0471975511965976	0.20943951023931953	2.722713633111154
1.0471975511965976	0.20943951023931953	2.9321531433504733
1.0471975511965976	0.20943951023931953	3.141592653589793
1.0471975511965976	0.20943951023931953	3.3510321638291125
1.0471975511965976	0.20943951023931953	3.560471674068432
1.0471975511965976	0.20943951023931953	3.7699111843077517
1.0471975511965976	0.20943951023931953	3.979350694547071
1.0471975511965976	0.20943951023931953	4.1887902047863905
1.0471975511965976	0.20943951023931953	4.39822971502571
1.0471975511965976	0.20943951023931953	4.607669225265029
1.0471975511965976	0.20943951023931953	4.817108735504349
1.0471975511965976	0.20943951023931953	5.026548245743669
1.0471975511965976	0.20943951023931953	5.235987755982988
1.0471975511965976	0.20943951023931953	5.445427266222308
1.0471975511965976	0.20943951023931953	5.654866776461628
1.0471975511965976	0.20943951023931953	5.864306286700947
1.0471975511965976	0.20943951023931953	6.073745796940266
1.0471975511965976	0.3141592653589793	0.0
1.0471975511965976	0.3141592653589793	0.20943951023931953
1.0471975511965976	0.3141592653589793	0.41887902047863906
1.0471975511965976	0.3141592653589793	0.6283185307179586
1.0471975511965976	0.3141592653589793	0.8377580409572781
1.0471975511965976	0.3141592653589793	1.0471975511965976
1.0471975511965976	0.3141592653589793	1.2566370614359172
1.0471975511965976	0.3141592653589793	1.4660765716752366
1.0471975511965976	0.3141592653589793	1.6755160819145563
1.0471975511965976	0.3141592653589793	1.8849555921538759
1.0471975511965976	0.3141592653589793	2.0943951023931953
1.0471975511965976	0.3141592653589793	2.3038346126325147
1.0471975511965976	0.3141592653589793	2.5132741228718345
1.0471975511965976	0.3141592653589793	2.722713633111154
1.0471975511965976	0.3141592653589793	2.9321531433504733
1.0471975511965976	0.3141592653589793	3.141592653589793
1.0471975511965976	0.3141592653589793	3.3510321638291125
1.0471975511965976	0.3141592653589793	3.560471674068432
1.0471975511965976	0.3141592653589793	3.7699111843077517
1.0471975511965976	0.3141592653589793	3.979350694547071
1.0471975511965976	0.3141592653589793	4.1887902047863905
1.0471975511965976	0.3141592653589793	4.39822971502571
1.0471975511965976	0.3141592653589793	4.607669225265029
1.0471975511965976	0.3141592653589793	4.817108735504349
1.0471975511965976	0.3141592653589793	5.026548245743669
1.0471975511965976	0.3141592653589793	5.235987755982988
1.0471975511965976	0.3141592653589793	5.445427266222308
1.0471975511965976	0.3141592653589793	5.654866776461628
1.0471975511965976	0.3141592653589793	5.864306286700947
1.0471975511965976	0.3141592653589793	6.073745796940266
1.0471975511965976	0.41887902047863906	0.0
1.0471975511965976	0.41887902047863906	0.20943951023931953
1.0471975511965976	0.41887902047863906	0.41887902047863906
1.0471975511965976	0.41887902047863906	0.6283185307179586
1.0471975511965976	0.41887902047863906	0.8377580409572781
1.0471975511965976	0.41887902047863906	1.0471975511965976
1.0471975511965976	0.41887902047863906	1.2566370614359172
1.0471975511965976	0.41887902047863906	1.4660765716752366
1.0471975511965976	0.41887902047863906	1.6755160819145563
1.0471975511965976	0.41887902047863906	1.8849555921538759
1.0471975511965976	0.41887902047863906	2.0943951023931953
1.0471975511965976	0.41887902047863906	2.3038346126325147
1.0471975511965976	0.41887902047863906	2.5132741228718345
1.0471975511965976	0.41887902047863906	2.722713633111154
1.0471975511965976	0.41887902047863906	2.9321531433504733
1.0471975511965976	0.41887902047863906	3.141592653589793
1.0471975511965976	0.41887902047863906	3.3510321638291125
1.0471975511965976	0.41887902047863906	3.560471674068432
1.0471975511965976	0.41887902047863906	3.7699111843077517
1.0471975511965976	0.41887902047863906	3.979350694547071
1.0471975511965976	0.41887902047863906	4.1887902047863905
1.0471975511965976	0.41887902047863906	4.39822971502571
1.0471975511965976	0.41887902047863906	4.607669225265029
1.0471975511965976	0.41887902047863906	4.817108735504349
1.0471975511965976	0.41887902047863906	5.026548245743669
1.0471975511965976	0.41887902047863906	5.235987755982988
1.0471975511965976	0.41887902047863906	5.445427266222308
1.0471975511965976	0.41887902047863906	5.654866776461628
1.0471975511965976	0.41887902047863906	5.864306286700947
1.0471975511965976	0.41887902047863906	6.073745796940266
1.0471975511965976	0.5235987755982988	0.0
1.0471975511965976	0.5235987755982988	0.20943951023931953
1.0471975511965976	0.5235987755982988	0.41887902047863906
1.0471975511965976	0.5235987755982988	0.6283185307179586
1.0471975511965976	0.5235987755982988	0.8377580409572781
1.0471975511965976	0.5235987755982988	1.0471975511965976
1.0471975511965976	0.5235987755982988	1.2566370614359172
1.0471975511965976	0.5235987755982988	1.4660765716752366
1.0471975511965976	0.5235987755982988	1.6755160819145563
1.0471975511965976	0.5235987755982988	1.8849555921538759
1.0471975511965976	0.5235987755982988	2.0943951023931953
1.0471975511965976	0.5235987755982988	2.3038346126325147
1.0471975511965976	0.5235987755982988	2.5132741228718345
1.0471975511965976	0.5235987755982988	2.722713633111154
1.0471975511965976	0.5235987755982988	2.9321531433504733
1.0471975511965976	0.5235987755982988	3.141592653589793
1.0471975511965976	0.5235987755982988	3.3510321638291125
1.0471975511965976	0.5235987755982988	3.560471674068432
1.0471975511965976	0.5235987755982988	3.7699111843077517
1.0471975511965976	0.5235987755982988	3.979350694547071
1.0471975511965976	0.5235987755982988	4.1887902047863905
1.0471975511965976	0.5235987755982988	4.39822971502571
1.0471975511965976	0.5235987755982988	4.607669225265029
1.0471975511965976	0.5235987755982988	4.817108735504349
1.0471975511965976	0.5235987755982988	5.026548245743669
1.0471975511965976	0.5235987755982988	5.235987755982988
1.0471975511965976	0.5235987755982988	5.445427266222308
1.0471975511965976	0.5235987755982988	5.654866776461628
1.0471975511965976	0.5235987755982988	5.864306286700947
1.0471975511965976	0.5235987755982988	6.073745796940266
1.0471975511965976	0.6283185307179586	0.0
1.0471975511965976	0.6283185307179586	0.20943951023931953
1.0471975511965976	0.6283185307179586	0.41887902047863906
1.0471975511965976	0.6283185307179586	0.6283185307179586
1.0471975511965976	0.6283185307179586	0.8377580409572781
1.0471975511965976	0.6283185307179586	1.0471975511965976
1.0471975511965976	0.6283185307179586	1.2566370614359172
1.0471975511965976	0.6283185307179586	1.4660765716752366
1.0471975511965976	0.6283185307179586	1.6755160819145563
1.0471975511965976	0.6283185307179586	1.8849555921538759
1.0471975511965976	0.6283185307179586	2.0943951023931953
1.0471975511965976	0.6283185307179586	2.3038346126325147
1.0471975511965976	0.6283185307179586	2.5132741228718345
1.0471975511965976	0.6283185307179586	2.722713633111154
1.0471975511965976	0.6283185307179586	2.9321531433504733
1.0471975511965976	0.6283185307179586	3.141592653589793
1.0471975511965976	0.6283185307179586	3.3510321638291125
1.0471975511965976	0.6283185307179586	3.560471674068432
1.0471975511965976	0.6283185307179586	3.7699111843077517
1.0471975511965976	0.6283185307179586	3.979350694547071
1.0471975511965976	0.6283185307179586	4.1887902047863905
1.0471975511965976	0.6283185307179586	4.39822971502571
1.0471975511965976	0.6283185307179586	4.607669225265029
1.0471975511965976	0.6283185307179586	4.817108735504349
1.0471975511965976	0.6283185307179586	5.026548245743669
1.0471975511965976	0.6283185307179586	5.235987755982988
1.0471975511965976	0.6283185307179586	5.445427266222308
1.0471975511965976	0.6283185307179586	5.654866776461628
1.0471975511965976	0.6283185307179586	5.864306286700947
1.0471975511965976	0.6283185307179586	6.073745796940266
1.0471975511965976	0.7330382858376183	0.0
1.0471975511965976	0.7330382858376183	0.20943951023931953
1.0471975511965976	0.7330382858376183	0.41887902047863906
1.0471975511965976	0.7330382858376183	0.6283185307179586
1.0471975511965976	0.7330382858376183	0.8377580409572781
1.0471975511965976	0.7330382858376183	1.0471975511965976
1.0471975511965976	0.7330382858376183	1.2566370614359172
1.0471975511965976	0.7330382858376183	1.4660765716752366
1.0471975511965976	0.7330382858376183	1.6755160819145563
1.0471975511965976	0.7330382858376183	1.8849555921538759
1.0471975511965976	0.7330382858376183	2.0943951023931953
1.0471975511965976	0.7330382858376183	2.3038346126325147
1.0471975511965976	0.7330382858376183	2.5132741228718345
1.0471975511965976	0.7330382858376183	2.722713633111154
1.0471975511965976	0.7330382858376183	2.9321531433504733
1.0471975511965976	0.7330382858376183	3.141592653589793
1.0471975511965976	0.7330382858376183	3.3510321638291125
1.0471975511965976	0.7330382858376183	3.560471674068432
1.0471975511965976	0.7330382858376183	3.7699111843077517
1.0471975511965976	0.7330382858376183	3.979350694547071
1.0471975511965976	0.7330382858376183	4.1887902047863905
1.0471975511965976	0.7330382858376183	4.39822971502571
1.0471975511965976	0.7330382858376183	4.607669225265029
1.0471975511965976	0.7330382858376183	4.817108735504349
1.0471975511965976	0.7330382858376183	5.026548245743669
1.0471975511965976	0.7330382858376183	5.235987755982988
1.0471975511965976	0.7330382858376183	5.445427266222308
1.0471975511965976	0.7330382858376183	5.654866776461628
1.0471975511965976	0.7330382858376183	5.864306286700947
1.0471975511965976	0.7330382858376183	6.073745796940266
1.0471975511965976	0.8377580409572781	0.0
1.0471975511965976	0.8377580409572781	0.20943951023931953
1.0471975511965976	0.8377580409572781	0.41887902047863906
1.0471975511965976	0.8377580409572781	0.6283185307179586
1.0471975511965976	0.8377580409572781	0.8377580409572781
1.0471975511965976	0.8377580409572781	1.0471975511965976
1.0471975511965976	0.8377580409572781	1.2566370614359172
1.0471975511965976	0.8377580409572781	1.4660765716752366
1.0471975511965976	0.8377580409572781	1.6755160819145563
1.0471975511965976	0.8377580409572781	1.8849555921538759
1.0471975511965976	0.8377580409572781	2.0943951023931953
1.0471975511965976	0.8377580409572781	2.3038346126325147
1.0471975511965976	0.8377580409572781	2.5132741228718345
1.0471975511965976	0.8377580409572781	2.722713633111154
1.0471975511965976	0.8377580409572781	2.9321531433504733
1.0471975511965976	0.8377580409572781	3.141592653589793
1.0471975511965976	0.8377580409572781	3.3510321638291125
1.0471975511965976	0.8377580409572781	3.560471674068432
1.0471975511965976	0.8377580409572781	3.7699111843077517
1.0471975511965976	0.8377580409572781	3.979350694547071
1.0471975511965976	0.8377580409572781	4.1887902047863905
1.0471975511965976	0.8377580409572781	4.39822971502571
1.0471975511965976	0.8377580409572781	4.607669225265029
1.0471975511965976	0.8377580409572781	4.817108735504349
1.0471975511965976	0.8377580409572781	5.026548245743669
1.0471975511965976	0.8377580409572781	5.235987755982988
1.0471975511965976	0.8377580409572781	5.445427266222308
1.0471975511965976	0.8377580409572781	5.654866776461628
1.0471975511965976	0.8377580409572781	5.864306286700947
1.0471975511965976	0.8377580409572781	6.073745796940266
1.0471975511965976	0.9424777960769379	0.0
1.0471975511965976	0.9424777960769379	0.20943951023931953
1.0471975511965976	0.9424777960769379	0.41887902047863906
1.0471975511965976	0.9424777960769379	0.6283185307179586
1.0471975511965976	0.9424777960769379	0.8377580409572781
1.0471975511965976	0.9424777960769379	1.0471975511965976
1.0471975511965976	0.9424777960769379	1.2566370614359172
1.0471975511965976	0.9424777960769379	1.4660765716752366
1.0471975511965976	0.9424777960769379	1.6755160819145563
1.0471975511965976	0.9424777960769379	1.8849555921538759
1.0471975511965976	0.9424777960769379	2.0943951023931953
1.0471975511965976	0.9424777960769379	2.3038346126325147
1.0471975511965976	0.9424777960769379	2.5132741228718345
1.0471975511965976	0.9424777960769379	2.722713633111154
1.0471975511965976	0.9424777960769379	2.9321531433504733
1.0471975511965976	0.9424777960769379	3.141592653589793
1.0471975511965976	0.9424777960769379	3.3510321638291125
1.0471975511965976	0.9424777960769379	3.560471674068432
1.0471975511965976	0.9424777960769379	3.7699111843077517
1.0471975511965976	0.9424777960769379	3.979350694547071
1.0471975511965976	0.9424777960769379	4.1887902047863905
1.0471975511965976	0.9424777960769379	4.39822971502571
1.0471975511965976	0.9424777960769379	4.607669225265029
1.0471975511965976	0.9424777960769379	4.817108735504349
1.0471975511965976	0.9424777960769379	5.026548245743669
1.0471975511965976	0.9424777960769379	5.235987755982988
1.0471975511965976	0.9424777960769379	5.445427266222308
1.0471975511965976	0.9424777960769379	5.654866776461628
1.0471975511965976	0.9424777960769379	5.864306286700947
1.0471975511965976	0.9424777960769379	6.073745796940266
1.0471975511965976	1.0471975511965976	0.0
1.0471975511965976	1.0471975511965976	0.20943951023931953
1.0471975511965976	1.0471975511965976	0.41887902047863906
1.0471975511965976	1.0471975511965976	0.6283185307179586
1.0471975511965976	1.0471975511965976	0.8377580409572781
1.0471975511965976	1.0471975511965976	1.0471975511965976
1.0471975511965976	1.0471975511965976	1.2566370614359172
1.0471975511965976	1.0471975511965976	1.4660765716752366
1.0471975511965976	1.0471975511965976	1.6755160819145563
1.0471975511965976	1.0471975511965976	1.8849555921538759
1.0471975511965976	1.0471975511965976	2.0943951023931953
1.0471975511965976	1.0471975511965976	2.3038346126325147
1.0471975511965976	1.0471975511965976	2.5132741228718345
1.0471975511965976	1.0471975511965976	2.722713633111154
1.0471975511965976	1.0471975511965976	2.9321531433504733
1.0471975511965976	1.0471975511965976	3.141592653589793
1.0471975511965976	1.0471975511965976	3.3510321638291125
1.0471975511965976	1.0471975511965976	3.560471674068432
1.0471975511965976	1.0471975511965976	3.7699111843077517
1.0471975511965976	1.0471975511965976	3.979350694547071
1.0471975511965976	1.0471975511965976	4.1887902047863905
1.0471975511965976	1.0471975511965976	4.39822971502571
1.0471975511965976	1.0471975511965976	4.607669225265029
1.0471975511965976	1.0471975511965976	4.817108735504349
1.0471975511965976	1.0471975511965976	5.026548245743669
1.0471975511965976	1.0471975511965976	5.235987755982988
1.0471975511965976	1.0471975511965976	5.445427266222308
1.0471975511965976	1.0471975511965976	5.654866776461628
1.0471975511965976	1.0471975511965976	5.864306286700947
1.0471975511965976	1.0471975511965976	6.073745796940266
1.0471975511965976	1.1519173063162573	0.0
1.0471975511965976	1.1519173063162573	0.20943951023931953
1.0471975511965976	1.1519173063162573	0.41887902047863906
1.0471975511965976	1.1519173063162573	0.6283185307179586
1.0471975511965976	1.1519173063162573	0.8377580409572781
1.0471975511965976	1.1519173063162573	1.0471975511965976
1.0471975511965976	1.1519173063162573	1.2566370614359172
1.0471975511965976	1.1519173063162573	1.4660765716752366
1.0471975511965976	1.1519173063162573	1.6755160819145563
1.0471975511965976	1.1519173063162573	1.8849555921538759
1.0471975511965976	1.1519173063162573	2.0943951023931953
1.0471975511965976	1.1519173063162573	2.3038346126325147
1.0471975511965976	1.1519173063162573	2.5132741228718345
1.0471975511965976	1.1519173063162573	2.722713633111154
1.0471975511965976	1.1519173063162573	2.9321531433504733
1.0471975511965976	1.1519173063162573	3.141592653589793
1.0471975511965976	1.1519173063162573	3.3510321638291125
1.0471975511965976	1.1519173063162573	3.560471674068432
1.0471975511965976	1.1519173063162573	3.7699111843077517
1.0471975511965976	1.1519173063162573	3.979350694547071
1.0471975511965976	1.1519173063162573	4.1887902047863905
1.0471975511965976	1.1519173063162573	4.39822971502571
1.0471975511965976	1.1519173063162573	4.607669225265029
1.0471975511965976	1.1519173063162573	4.817108735504349
1.0471975511965976	1.1519173063162573	5.026548245743669
1.0471975511965976	1.1519173063162573	5.235987755982988
1.0471975511965976	1.1519173063162573	5.445427266222308
1.0471975511965976	1.1519173063162573	5.654866776461628
1.0471975511965976	1.1519173063162573	5.864306286700947
1.0471975511965976	1.1519173063162573	6.073745796940266
1.0471975511965976	1.2566370614359172	0.0
1.0471975511965976	1.2566370614359172	0.20943951023931953
1.0471975511965976	1.2566370614359172	0.41887902047863906
1.0471975511965976	1.2566370614359172	0.6283185307179586
1.0471975511965976	1.2566370614359172	0.8377580409572781
1.0471975511965976	1.2566370614359172	1.0471975511965976
1.0471975511965976	1.2566370614359172	1.2566370614359172
1.0471975511965976	1.2566370614359172	1.4660765716752366
1.0471975511965976	1.2566370614359172	1.6755160819145563
1.0471975511965976	1.2566370614359172	1.8849555921538759
1.0471975511965976	1.2566370614359172	2.0943951023931953
1.0471975511965976	1.2566370614359172	2.3038346126325147
1.0471975511965976	1.2566370614359172	2.5132741228718345
1.0471975511965976	1.2566370614359172	2.722713633111154
1.0471975511965976	1.2566370614359172	2.9321531433504733
1.0471975511965976	1.2566370614359172	3.141592653589793
1.0471975511965976	1.2566370614359172	3.3510321638291125
1.0471975511965976	1.2566370614359172	3.560471674068432
1.0471975511965976	1.2566370614359172	3.7699111843077517
1.0471975511965976	1.2566370614359172	3.979350694547071
1.0471975511965976	1.2566370614359172	4.1887902047863905
1.0471975511965976	1.2566370614359172	4.39822971502571
1.0471975511965976	1.2566370614359172	4.607669225265029
1.0471975511965976	1.2566370614359172	4.817108735504349
1.0471975511965976	1.2566370614359172	5.026548245743669
1.0471975511965976	1.2566370614359172	5.235987755982988
1.0471975511965976	1.2566370614359172	5.445427266222308
1.0471975511965976	1.2566370614359172	5.654866776461628
1.0471975511965976	1.2566370614359172	5.864306286700947
1.0471975511965976	1.2566370614359172	6.073745796940266
1.0471975511965976	1.361356816555577	0.0
1.0471975511965976	1.361356816555577	0.20943951023931953
1.0471975511965976	1.361356816555577	0.41887902047863906
1.0471975511965976	1.361356816555577	0.6283185307179586
1.0471975511965976	1.361356816555577	0.8377580409572781
1.0471975511965976	1.361356816555577	1.0471975511965976
1.0471975511965976	1.361356816555577	1.2566370614359172
1.0471975511965976	1.361356816555577	1.4660765716752366
1.0471975511965976	1.361356816555577	1.6755160819145563
1.0471975511965976	1.361356816555577	1.8849555921538759
1.0471975511965976	1.361356816555577	2.0943951023931953
1.0471975511965976	1.361356816555577	2.3038346126325147
1.0471975511965976	1.361356816555577	2.5132741228718345
1.0471975511965976	1.361356816555577	2.722713633111154
1.0471975511965976	1.361356816555577	2.9321531433504733
1.0471975511965976	1.361356816555577	3.141592653589793
1.0471975511965976	1.361356816555577	3.3510321638291125
1.0471975511965976	1.361356816555577	3.560471674068432
1.0471975511965976	1.361356816555577	3.7699111843077517
1.0471975511965976	1.361356816555577	3.979350694547071
1.0471975511965976	1.361356816555577	4.1887902047863905
1.0471975511965976	1.361356816555577	4.39822971502571
1.0471975511965976	1.361356816555577	4.607669225265029
1.0471975511965976	1.361356816555577	4.817108735504349
1.0471975511965976	1.361356816555577	5.026548245743669
1.0471975511965976	1.361356816555577	5.235987755982988
1.0471975511965976	1.361356816555577	5.445427266222308
1.0471975511965976	1.361356816555577	5.654866776461628
1.0471975511965976	1.361356816555577	5.864306286700947
1.0471975511965976	1.361356816555577	6.073745796940266
1.0471975511965976	1.4660765716752366	0.0
1.0471975511965976	1.4660765716752366	0.20943951023931953
1.0471975511965976	1.4660765716752366	0.41887902047863906
1.0471975511965976	1.4660765716752366	0.6283185307179586
1.0471975511965976	1.4660765716752366	0.8377580409572781
1.0471975511965976	1.4660765716752366	1.0471975511965976
1.0471975511965976	1.4660765716752366	1.2566370614359172
1.0471975511965976	1.4660765716752366	1.4660765716752366
1.0471975511965976	1.4660765716752366	1.6755160819145563
1.0471975511965976	1.4660765716752366	1.8849555921538759
1.0471975511965976	1.4660765716752366	2.0943951023931953
1.0471975511965976	1.4660765716752366	2.3038346126325147
1.0471975511965976	1.4660765716752366	2.5132741228718345
1.0471975511965976	1.4660765716752366	2.722713633111154
1.0471975511965976	1.4660765716752366	2.9321531433504733
1.0471975511965976	1.4660765716752366	3.141592653589793
1.0471975511965976	1.4660765716752366	3.3510321638291125
1.0471975511965976	1.4660765716752366	3.560471674068432
1.0471975511965976	1.4660765716752366	3.7699111843077517
1.0471975511965976	1.4660765716752366	3.979350694547071
1.0471975511965976	1.4660765716752366	4.1887902047863905
1.0471975511965976	1.4660765716752366	4.39822971502571
1.0471975511965976	1.4660765716752366	4.607669225265029
1.0471975511965976	1.4660765716752366	4.817108735504349
1.0471975511965976	1.4660765716752366	5.026548245743669
1.0471975511965976	1.4660765716752366	5.235987755982988
1.0471975511965976	1.4660765716752366	5.445427266222308
1.0471975511965976	1.4660765716752366	5.654866776461628
1.0471975511965976	1.4660765716752366	5.864306286700947
1.0471975511965976	1.4660765716752366	6.073745796940266
1.1519173063162573	0.0	0.0
1.1519173063162573	0.0	0.20943951023931953
1.1519173063162573	0.0	0.41887902047863906
1.1519173063162573	0.0	0.6283185307179586
1.1519173063162573	0.0	0.8377580409572781
1.1519173063162573	0.0	1.0471975511965976
1.1519173063162573	0.0	1.2566370614359172
1.1519173063162573	0.0	1.4660765716752366
1.1519173063162573	0.0	1.6755160819145563
1.1519173063162573	0.0	1.8849555921538759
1.1519173063162573	0.0	2.0943951023931953
1.1519173063162573	0.0	2.3038346126325147
1.1519173063162573	0.0	2.5132741228718345
1.1519173063162573	0.0	2.722713633111154
1.1519173063162573	0.0	2.9321531433504733
1.1519173063162573	0.0	3.141592653589793
1.1519173063162573	0.0	3.3510321638291125
1.1519173063162573	0.0	3.560471674068432
1.1519173063162573	0.0	3.7699111843077517
1.1519173063162573	0.0	3.979350694547071
1.1519173063162573	0.0	4.1887902047863905
1.1519173063162573	0.0	4.39822971502571
1.1519173063162573	0.0	4.607669225265029
1.1519173063162573	0.0	4.817108735504349
1.1519173063162573	0.0	5.026548245743669
1.1519173063162573	0.0	5.235987755982988
1.1519173063162573	0.0	5.445427266222308
1.1519173063162573	0.0	5.654866776461628
1.1519173063162573	0.0	5.864306286700947
1.1519173063162573	0.0	6.073745796940266
1.1519173063162573	0.10471975511965977	0.0
1.1519173063162573	0.10471975511965977	0.20943951023931953
1.1519173063162573	0.10471975511965977	0.41887902047863906
1.1519173063162573	0.10471975511965977	0.6283185307179586
1.1519173063162573	0.10471975511965977	0.8377580409572781
1.1519173063162573	0.10471975511965977	1.0471975511965976
1.1519173063162573	0.10471975511965977	1.2566370614359172
1.1519173063162573	0.10471975511965977	1.4660765716752366
1.1519173063162573	0.10471975511965977	1.6755160819145563
1.1519173063162573	0.10471975511965977	1.8849555921538759
1.1519173063162573	0.10471975511965977	2.0943951023931953
1.1519173063162573	0.10471975511965977	2.3038346126325147
1.1519173063162573	0.10471975511965977	2.5132741228718345
1.1519173063162573	0.10471975511965977	2.722713633111154
1.1519173063162573	0.10471975511965977	2.9321531433504733
1.1519173063162573	0.10471975511965977	3.141592653589793
1.1519173063162573	0.10471975511965977	3.3510321638291125
1.1519173063162573	0.10471975511965977	3.560471674068432
1.1519173063162573	0.10471975511965977	3.7699111843077517
1.1519173063162573	0.10471975511965977	3.979350694547071
1.1519173063162573	0.10471975511965977	4.1887902047863905
1.1519173063162573	0.10471975511965977	4.39822971502571
1.1519173063162573	0.10471975511965977	4.607669225265029
1.1519173063162573	0.10471975511965977	4.817108735504349
1.1519173063162573	0.10471975511965977	5.026548245743669
1.1519173063162573	0.10471975511965977	5.235987755982988
1.1519173063162573	0.10471975511965977	5.445427266222308
1.1519173063162573	0.10471975511965977	5.654866776461628
1.1519173063162573	0.10471975511965977	5.864306286700947
1.1519173063162573	0.10471975511965977	6.073745796940266
1.1519173063162573	0.20943951023931953	0.0
1.1519173063162573	0.20943951023931953	0.20943951023931953
1.1519173063162573	0.20943951023931953	0.41887902047863906
1.1519173063162573	0.20943951023931953	0.6283185307179586
1.1519173063162573	0.20943951023931953	0.8377580409572781
1.1519173063162573	0.20943951023931953	1.0471975511965976
1.1519173063162573	0.20943951023931953	1.2566370614359172
1.1519173063162573	0.20943951023931953	1.4660765716752366
1.1519173063162573	0.20943951023931953	1.6755160819145563
1.1519173063162573	0.20943951023931953	1.8849555921538759
1.1519173063162573	0.20943951023931953	2.0943951023931953
1.1519173063162573	0.20943951023931953	2.3038346126325147
1.1519173063162573	0.20943951023931953	2.5132741228718345
1.1519173063162573	0.20943951023931953	2.722713633111154
1.1519173063162573	0.20943951023931953	2.9321531433504733
1.1519173063162573	0.20943951023931953	3.141592653589793
1.1519173063162573	0.20943951023931953	3.3510321638291125
1.1519173063162573	0.20943951023931953	3.560471674068432
1.1519173063162573	0.20943951023931953	3.7699111843077517
1.1519173063162573	0.20943951023931953	3.979350694547071
1.1519173063162573	0.20943951023931953	4.1887902047863905
1.1519173063162573	0.20943951023931953	4.39822971502571
1.1519173063162573	0.20943951023931953	4.607669225265029
1.1519173063162573	0.20943951023931953	4.817108735504349
1.1519173063162573	0.20943951023931953	5.026548245743669
1.1519173063162573	0.20943951023931953	5.235987755982988
1.1519173063162573	0.20943951023931953	5.445427266222308
1.1519173063162573	0.20943951023931953	5.654866776461628
1.1519173063162573	0.20943951023931953	5.864306286700947
1.1519173063162573	0.20943951023931953	6.073745796940266
1.1519173063162573	0.3141592653589793	0.0
1.1519173063162573	0.3141592653589793	0.20943951023931953
1.1519173063162573	0.3141592653589793	0.41887902047863906
1.1519173063162573	0.3141592653589793	0.6283185307179586
1.1519173063162573	0.3141592653589793	0.8377580409572781
1.1519173063162573	0.3141592653589793	1.0471975511965976
1.1519173063162573	0.3141592653589793	1.2566370614359172
1.1519173063162573	0.3141592653589793	1.4660765716752366
1.1519173063162573	0.3141592653589793	1.6755160819145563
1.1519173063162573	0.3141592653589793	1.8849555921538759
1.1519173063162573	0.3141592653589793	2.0943951023931953
1.1519173063162573	0.3141592653589793	2.3038346126325147
1.1519173063162573	0.3141592653589793	2.5132741228718345
1.1519173063162573	0.3141592653589793	2.722713633111154
1.1519173063162573	0.3141592653589793	2.9321531433504733
1.1519173063162573	0.3141592653589793	3.141592653589793
1.1519173063162573	0.3141592653589793	3.3510321638291125
1.1519173063162573	0.3141592653589793	3.560471674068432
1.1519173063162573	0.3141592653589793	3.7699111843077517
1.1519173063162573	0.3141592653589793	3.979350694547071
1.1519173063162573	0.3141592653589793	4.1887902047863905
1.1519173063162573	0.3141592653589793	4.39822971502571
1.1519173063162573	0.3141592653589793	4.607669225265029
1.1519173063162573	0.3141592653589793	4.817108735504349
1.1519173063162573	0.3141592653589793	5.026548245743669
1.1519173063162573	0.3141592653589793	5.235987755982988
1.1519173063162573	0.3141592653589793	5.445427266222308
1.1519173063162573	0.3141592653589793	5.654866776461628
1.1519173063162573	0.3141592653589793	5.864306286700947
1.1519173063162573	0.3141592653589793	6.073745796940266
1.1519173063162573	0.41887902047863906	0.0
1.1519173063162573	0.41887902047863906	0.20943951023931953
1.1519173063162573	0.41887902047863906	0.41887902047863906
1.1519173063162573	0.41887902047863906	0.6283185307179586
1.1519173063162573	0.41887902047863906	0.8377580409572781
1.1519173063162573	0.41887902047863906	1.0471975511965976
1.1519173063162573	0.41887902047863906	1.2566370614359172
1.1519173063162573	0.41887902047863906	1.4660765716752366
1.1519173063162573	0.41887902047863906	1.6755160819145563
1.1519173063162573	0.41887902047863906	1.8849555921538759
1.1519173063162573	0.41887902047863906	2.0943951023931953
1.1519173063162573	0.41887902047863906	2.3038346126325147
1.1519173063162573	0.41887902047863906	2.5132741228718345
1.1519173063162573	0.41887902047863906	2.722713633111154
1.1519173063162573	0.41887902047863906	2.9321531433504733
1.1519173063162573	0.41887902047863906	3.141592653589793
1.1519173063162573	0.41887902047863906	3.3510321638291125
1.1519173063162573	0.41887902047863906	3.560471674068432
1.1519173063162573	0.41887902047863906	3.7699111843077517
1.1519173063162573	0.41887902047863906	3.979350694547071
1.1519173063162573	0.41887902047863906	4.1887902047863905
1.1519173063162573	0.41887902047863906	4.39822971502571
1.1519173063162573	0.41887902047863906	4.607669225265029
1.1519173063162573	0.41887902047863906	4.817108735504349
1.1519173063162573	0.41887902047863906	5.026548245743669
1.1519173063162573	0.41887902047863906	5.235987755982988
1.1519173063162573	0.41887902047863906	5.445427266222308
1.1519173063162573	0.41887902047863906	5.654866776461628
1.1519173063162573	0.41887902047863906	5.864306286700947
1.1519173063162573	0.41887902047863906	6.073745796940266
1.1519173063162573	0.5235987755982988	0.0
1.1519173063162573	0.5235987755982988	0.20943951023931953
1.1519173063162573	0.5235987755982988	0.41887902047863906
1.1519173063162573	0.5235987755982988	0.6283185307179586
1.1519173063162573	0.5235987755982988	0.8377580409572781
1.1519173063162573	0.5235987755982988	1.0471975511965976
1.1519173063162573	0.5235987755982988	1.2566370614359172
1.1519173063162573	0.5235987755982988	1.4660765716752366
1.1519173063162573	0.5235987755982988	1.6755160819145563
1.1519173063162573	0.5235987755982988	1.8849555921538759
1.1519173063162573	0.5235987755982988	2.0943951023931953
1.1519173063162573	0.5235987755982988	2.3038346126325147
1.1519173063162573	0.5235987755982988	2.5132741228718345
1.1519173063162573	0.5235987755982988	2.722713633111154
1.1519173063162573	0.5235987755982988	2.9321531433504733
1.1519173063162573	0.5235987755982988	3.141592653589793
1.1519173063162573	0.5235987755982988	3.3510321638291125
1.1519173063162573	0.5235987755982988	3.560471674068432
1.1519173063162573	0.5235987755982988	3.7699111843077517
1.1519173063162573	0.5235987755982988	3.979350694547071
1.1519173063162573	0.5235987755982988	4.1887902047863905
1.1519173063162573	0.5235987755982988	4.39822971502571
1.1519173063162573	0.5235987755982988	4.607669225265029
1.1519173063162573	0.5235987755982988	4.817108735504349
1.1519173063162573	0.5235987755982988	5.026548245743669
1.1519173063162573	0.5235987755982988	5.235987755982988
1.1519173063162573	0.5235987755982988	5.445427266222308
1.1519173063162573	0.5235987755982988	5.654866776461628
1.1519173063162573	0.5235987755982988	5.864306286700947
1.1519173063162573	0.5235987755982988	6.073745796940266
1.1519173063162573	0.6283185307179586	0.0
1.1519173063162573	0.6283185307179586	0.20943951023931953
1.1519173063162573	0.6283185307179586	0.41887902047863906
1.1519173063162573	0.6283185307179586	0.6283185307179586
1.1519173063162573	0.6283185307179586	0.8377580409572781
1.1519173063162573	0.6283185307179586	1.0471975511965976
1.1519173063162573	0.6283185307179586	1.2566370614359172
1.1519173063162573	0.6283185307179586	1.4660765716752366
1.1519173063162573	0.6283185307179586	1.6755160819145563
1.1519173063162573	0.6283185307179586	1.8849555921538759
1.1519173063162573	0.6283185307179586	2.0943951023931953
1.1519173063162573	0.6283185307179586	2.3038346126325147
1.1519173063162573	0.6283185307179586	2.5132741228718345
1.1519173063162573	0.6283185307179586	2.722713633111154
1.1519173063162573	0.6283185307179586	2.9321531433504733
1.1519173063162573	0.6283185307179586	3.141592653589793
1.1519173063162573	0.6283185307179586	3.3510321638291125
1.1519173063162573	0.6283185307179586	3.560471674068432
1.1519173063162573	0.6283185307179586	3.7699111843077517
1.1519173063162573	0.6283185307179586	3.979350694547071
1.1519173063162573	0.6283185307179586	4.1887902047863905
1.1519173063162573	0.6283185307179586	4.39822971502571
1.1519173063162573	0.6283185307179586	4.607669225265029
1.1519173063162573	0.6283185307179586	4.817108735504349
1.1519173063162573	0.6283185307179586	5.026548245743669
1.1519173063162573	0.6283185307179586	5.235987755982988
1.1519173063162573	0.6283185307179586	5.445427266222308
1.1519173063162573	0.6283185307179586	5.654866776461628
1.1519173063162573	0.6283185307179586	5.864306286700947
1.1519173063162573	0.6283185307179586	6.073745796940266
1.1519173063162573	0.7330382858376183	0.0
1.1519173063162573	0.7330382858376183	0.20943951023931953
1.1519173063162573	0.7330382858376183	0.41887902047863906
1.1519173063162573	0.7330382858376183	0.6283185307179586
1.1519173063162573	0.7330382858376183	0.8377580409572781
1.1519173063162573	0.7330382858376183	1.0471975511965976
1.1519173063162573	0.7330382858376183	1.2566370614359172
1.1519173063162573	0.7330382858376183	1.4660765716752366
1.1519173063162573	0.7330382858376183	1.6755160819145563
1.1519173063162573	0.7330382858376183	1.8849555921538759
1.1519173063162573	0.7330382858376183	2.0943951023931953
1.1519173063162573	0.7330382858376183	2.3038346126325147
1.1519173063162573	0.7330382858376183	2.5132741228718345
1.1519173063162573	0.7330382858376183	2.722713633111154
1.1519173063162573	0.7330382858376183	2.9321531433504733
1.1519173063162573	0.7330382858376183	3.141592653589793
1.1519173063162573	0.7330382858376183	3.3510321638291125
1.1519173063162573	0.7330382858376183	3.560471674068432
1.1519173063162573	0.7330382858376183	3.7699111843077517
1.1519173063162573	0.7330382858376183	3.979350694547071
1.1519173063162573	0.7330382858376183	4.1887902047863905
1.1519173063162573	0.7330382858376183	4.39822971502571
1.1519173063162573	0.7330382858376183	4.607669225265029
1.1519173063162573	0.7330382858376183	4.817108735504349
1.1519173063162573	0.7330382858376183	5.026548245743669
1.1519173063162573	0.7330382858376183	5.235987755982988
1.1519173063162573	0.7330382858376183	5.445427266222308
1.1519173063162573	0.7330382858376183	5.654866776461628
1.1519173063162573	0.7330382858376183	5.864306286700947
1.1519173063162573	0.7330382858376183	6.073745796940266
1.1519173063162573	0.8377580409572781	0.0
1.1519173063162573	0.8377580409572781	0.20943951023931953
1.1519173063162573	0.8377580409572781	0.41887902047863906
1.1519173063162573	0.8377580409572781	0.6283185307179586
1.1519173063162573	0.8377580409572781	0.8377580409572781
1.1519173063162573	0.8377580409572781	1.0471975511965976
1.1519173063162573	0.8377580409572781	1.2566370614359172
1.1519173063162573	0.8377580409572781	1.4660765716752366
1.1519173063162573	0.8377580409572781	1.6755160819145563
1.1519173063162573	0.8377580409572781	1.8849555921538759
1.1519173063162573	0.8377580409572781	2.0943951023931953
1.1519173063162573	0.8377580409572781	2.3038346126325147
1.1519173063162573	0.8377580409572781	2.5132741228718345
1.1519173063162573	0.8377580409572781	2.722713633111154
1.1519173063162573	0.8377580409572781	2.9321531433504733
1.1519173063162573	0.8377580409572781	3.141592653589793
1.1519173063162573	0.8377580409572781	3.3510321638291125
1.1519173063162573	0.8377580409572781	3.560471674068432
1.1519173063162573	0.8377580409572781	3.7699111843077517
1.1519173063162573	0.8377580409572781	3.979350694547071
1.1519173063162573	0.8377580409572781	4.1887902047863905
1.1519173063162573	0.8377580409572781	4.39822971502571
1.1519173063162573	0.8377580409572781	4.607669225265029
1.1519173063162573	0.8377580409572781	4.817108735504349
1.1519173063162573	0.8377580409572781	5.026548245743669
1.1519173063162573	0.8377580409572781	5.235987755982988
1.1519173063162573	0.8377580409572781	5.445427266222308
1.1519173063162573	0.8377580409572781	5.654866776461628
1.1519173063162573	0.8377580409572781	5.864306286700947
1.1519173063162573	0.8377580409572781	6.073745796940266
1.1519173063162573	0.9424777960769379	0.0
1.1519173063162573	0.9424777960769379	0.20943951023931953
1.1519173063162573	0.9424777960769379	0.41887902047863906
1.1519173063162573	0.9424777960769379	0.6283185307179586
1.1519173063162573	0.9424777960769379	0.8377580409572781
1.1519173063162573	0.9424777960769379	1.0471975511965976
1.1519173063162573	0.9424777960769379	1.2566370614359172
1.1519173063162573	0.9424777960769379	1.4660765716752366
1.1519173063162573	0.9424777960769379	1.6755160819145563
1.1519173063162573	0.9424777960769379	1.8849555921538759
1.1519173063162573	0.9424777960769379	2.0943951023931953
1.1519173063162573	0.9424777960769379	2.3038346126325147
1.1519173063162573	0.9424777960769379	2.5132741228718345
1.1519173063162573	0.9424777960769379	2.722713633111154
1.1519173063162573	0.9424777960769379	2.9321531433504733
1.1519173063162573	0.9424777960769379	3.141592653589793
1.1519173063162573	0.9424777960769379	3.3510321638291125
1.1519173063162573	0.9424777960769379	3.560471674068432
1.1519173063162573	0.9424777960769379	3.7699111843077517
1.1519173063162573	0.9424777960769379	3.979350694547071
1.1519173063162573	0.9424777960769379	4.1887902047863905
1.1519173063162573	0.9424777960769379	4.39822971502571
1.1519173063162573	0.9424777960769379	4.607669225265029
1.1519173063162573	0.9424777960769379	4.817108735504349
1.1519173063162573	0.9424777960769379	5.026548245743669
1.1519173063162573	0.9424777960769379	5.235987755982988
1.1519173063162573	0.9424777960769379	5.445427266222308
1.1519173063162573	0.9424777960769379	5.654866776461628
1.1519173063162573	0.9424777960769379	5.864306286700947
1.1519173063162573	0.9424777960769379	6.073745796940266
1.1519173063162573	1.0471975511965976	0.0
1.1519173063162573	1.0471975511965976	0.20943951023931953
1.1519173063162573	1.0471975511965976	0.41887902047863906
1.1519173063162573	1.0471975511965976	0.6283185307179586
1.1519173063162573	1.0471975511965976	0.8377580409572781
1.1519173063162573	1.0471975511965976	1.0471975511965976
1.1519173063162573	1.0471975511965976	1.2566370614359172
1.1519173063162573	1.0471975511965976	1.4660765716752366
1.1519173063162573	1.0471975511965976	1.6755160819145563
1.1519173063162573	1.0471975511965976	1.8849555921538759
1.1519173063162573	1.0471975511965976	2.0943951023931953
1.1519173063162573	1.0471975511965976	2.3038346126325147
1.1519173063162573	1.0471975511965976	2.5132741228718345
1.1519173063162573	1.0471975511965976	2.722713633111154
1.1519173063162573	1.0471975511965976	2.9321531433504733
1.1519173063162573	1.0471975511965976	3.141592653589793
1.1519173063162573	1.0471975511965976	3.3510321638291125
1.1519173063162573	1.0471975511965976	3.560471674068432
1.1519173063162573	1.0471975511965976	3.7699111843077517
1.1519173063162573	1.0471975511965976	3.979350694547071
1.1519173063162573	1.0471975511965976	4.1887902047863905
1.1519173063162573	1.0471975511965976	4.39822971502571
1.1519173063162573	1.0471975511965976	4.607669225265029
1.1519173063162573	1.0471975511965976	4.817108735504349
1.1519173063162573	1.0471975511965976	5.026548245743669
1.1519173063162573	1.0471975511965976	5.235987755982988
1.1519173063162573	1.0471975511965976	5.445427266222308
1.1519173063162573	1.0471975511965976	5.654866776461628
1.1519173063162573	1.0471975511965976	5.864306286700947
1.1519173063162573	1.0471975511965976	6.073745796940266
1.1519173063162573	1.1519173063162573	0.0
1.1519173063162573	1.1519173063162573	0.20943951023931953
1.1519173063162573	1.1519173063162573	0.41887902047863906
1.1519173063162573	1.1519173063162573	0.6283185307179586
1.1519173063162573	1.1519173063162573	0.8377580409572781
1.1519173063162573	1.1519173063162573	1.0471975511965976
1.1519173063162573	1.1519173063162573	1.2566370614359172
1.1519173063162573	1.1519173063162573	1.4660765716752366
1.1519173063162573	1.1519173063162573	1.6755160819145563
1.1519173063162573	1.1519173063162573	1.8849555921538759
1.1519173063162573	1.1519173063162573	2.0943951023931953
1.1519173063162573	1.1519173063162573	2.3038346126325147
1.1519173063162573	1.1519173063162573	2.5132741228718345
1.1519173063162573	1.1519173063162573	2.722713633111154
1.1519173063162573	1.1519173063162573	2.9321531433504733
1.1519173063162573	1.1519173063162573	3.141592653589793
1.1519173063162573	1.1519173063162573	3.3510321638291125
1.1519173063162573	1.1519173063162573	3.560471674068432
1.1519173063162573	1.1519173063162573	3.7699111843077517
1.1519173063162573	1.1519173063162573	3.979350694547071
1.1519173063162573	1.1519173063162573	4.1887902047863905
1.1519173063162573	1.1519173063162573	4.39822971502571
1.1519173063162573	1.1519173063162573	4.607669225265029
1.1519173063162573	1.1519173063162573	4.817108735504349
1.1519173063162573	1.1519173063162573	5.026548245743669
1.1519173063162573	1.1519173063162573	5.235987755982988
1.1519173063162573	1.1519173063162573	5.445427266222308
1.1519173063162573	1.1519173063162573	5.654866776461628
1.1519173063162573	1.1519173063162573	5.864306286700947
1.1519173063162573	1.1519173063162573	6.073745796940266
1.1519173063162573	1.2566370614359172	0.0
1.1519173063162573	1.2566370614359172	0.20943951023931953
1.1519173063162573	1.2566370614359172	0.41887902047863906
1.1519173063162573	1.2566370614359172	0.6283185307179586
1.1519173063162573	1.2566370614359172	0.8377580409572781
1.1519173063162573	1.2566370614359172	1.0471975511965976
1.1519173063162573	1.2566370614359172	1.2566370614359172
1.1519173063162573	1.2566370614359172	1.4660765716752366
1.1519173063162573	1.2566370614359172	1.6755160819145563
1.1519173063162573	1.2566370614359172	1.8849555921538759
1.1519173063162573	1.2566370614359172	2.0943951023931953
1.1519173063162573	1.2566370614359172	2.3038346126325147
1.1519173063162573	1.2566370614359172	2.5132741228718345
1.1519173063162573	1.2566370614359172	2.722713633111154
1.1519173063162573	1.2566370614359172	2.9321531433504733
1.1519173063162573	1.2566370614359172	3.141592653589793
1.1519173063162573	1.2566370614359172	3.3510321638291125
1.1519173063162573	1.2566370614359172	3.560471674068432
1.1519173063162573	1.2566370614359172	3.7699111843077517
1.1519173063162573	1.2566370614359172	3.979350694547071
1.1519173063162573	1.2566370614359172	4.1887902047863905
1.1519173063162573	1.2566370614359172	4.39822971502571
1.1519173063162573	1.2566370614359172	4.607669225265029
1.1519173063162573	1.2566370614359172	4.817108735504349
1.1519173063162573	1.2566370614359172	5.026548245743669
1.1519173063162573	1.2566370614359172	5.235987755982988
1.1519173063162573	1.2566370614359172	5.445427266222308
1.1519173063162573	1.2566370614359172	5.654866776461628
1.1519173063162573	1.2566370614359172	5.864306286700947
1.1519173063162573	1.2566370614359172	6.073745796940266
1.1519173063162573	1.361356816555577	0.0
1.1519173063162573	1.361356816555577	0.20943951023931953
1.1519173063162573	1.361356816555577	0.41887902047863906
1.1519173063162573	1.361356816555577	0.6283185307179586
1.1519173063162573	1.361356816555577	0.8377580409572781
1.1519173063162573	1.361356816555577	1.0471975511965976
1.1519173063162573	1.361356816555577	1.2566370614359172
1.1519173063162573	1.361356816555577	1.4660765716752366
1.1519173063162573	1.361356816555577	1.6755160819145563
1.1519173063162573	1.361356816555577	1.8849555921538759
1.1519173063162573	1.361356816555577	2.0943951023931953
1.1519173063162573	1.361356816555577	2.3038346126325147
1.1519173063162573	1.361356816555577	2.5132741228718345
1.1519173063162573	1.361356816555577	2.722713633111154
1.1519173063162573	1.361356816555577	2.9321531433504733
1.1519173063162573	1.361356816555577	3.141592653589793
1.1519173063162573	1.361356816555577	3.3510321638291125
1.1519173063162573	1.361356816555577	3.560471674068432
1.1519173063162573	1.361356816555577	3.7699111843077517
1.1519173063162573	1.361356816555577	3.979350694547071
1.1519173063162573	1.361356816555577	4.1887902047863905
1.1519173063162573	1.361356816555577	4.39822971502571
1.1519173063162573	1.361356816555577	4.607669225265029
1.1519173063162573	1.361356816555577	4.817108735504349
1.1519173063162573	1.361356816555577	5.026548245743669
1.1519173063162573	1.361356816555577	5.235987755982988
1.1519173063162573	1.361356816555577	5.445427266222308
1.1519173063162573	1.361356816555577	5.654866776461628
1.1519173063162573	1.361356816555577	5.864306286700947
1.1519173063162573	1.361356816555577	6.073745796940266
1.1519173063162573	1.4660765716752366	0.0
1.1519173063162573	1.4660765716752366	0.20943951023931953
1.1519173063162573	1.4660765716752366	0.41887902047863906
1.1519173063162573	1.4660765716752366	0.6283185307179586
1.1519173063162573	1.4660765716752366	0.8377580409572781
1.1519173063162573	1.4660765716752366	1.0471975511965976
1.1519173063162573	1.4660765716752366	1.2566370614359172
1.1519173063162573	1.4660765716752366	1.4660765716752366
1.1519173063162573	1.4660765716752366	1.6755160819145563
1.1519173063162573	1.4660765716752366	1.8849555921538759
1.1519173063162573	1.4660765716752366	2.0943951023931953
1.1519173063162573	1.4660765716752366	2.3038346126325147
1.1519173063162573	1.4660765716752366	2.5132741228718345
1.1519173063162573	1.4660765716752366	2.722713633111154
1.1519173063162573	1.4660765716752366	2.9321531433504733
1.1519173063162573	1.4660765716752366	3.141592653589793
1.1519173063162573	1.4660765716752366	3.3510321638291125
1.1519173063162573	1.4660765716752366	3.560471674068432
1.1519173063162573	1.4660765716752366	3.7699111843077517
1.1519173063162573	1.4660765716752366	3.979350694547071
1.1519173063162573	1.4660765716752366	4.1887902047863905
1.1519173063162573	1.4660765716752366	4.39822971502571
1.1519173063162573	1.4660765716752366	4.607669225265029
1.1519173063162573	1.4660765716752366	4.817108735504349
1.1519173063162573	1.4660765716752366	5.026548245743669
1.1519173063162573	1.4660765716752366	5.235987755982988
1.1519173063162573	1.4660765716752366	5.445427266222308
1.1519173063162573	1.4660765716752366	5.654866776461628
1.1519173063162573	1.4660765716752366	5.864306286700947
1.1519173063162573	1.4660765716752366	6.073745796940266
1.2566370614359172	0.0	0.0
1.2566370614359172	0.0	0.20943951023931953
1.2566370614359172	0.0	0.41887902047863906
1.2566370614359172	0.0	0.6283185307179586
1.2566370614359172	0.0	0.8377580409572781
1.2566370614359172	0.0	1.0471975511965976
1.2566370614359172	0.0	1.2566370614359172
1.2566370614359172	0.0	1.4660765716752366
1.2566370614359172	0.0	1.6755160819145563
1.2566370614359172	0.0	1.8849555921538759
1.2566370614359172	0.0	2.0943951023931953
1.2566370614359172	0.0	2.3038346126325147
1.2566370614359172	0.0	2.5132741228718345
1.2566370614359172	0.0	2.722713633111154
1.2566370614359172	0.0	2.9321531433504733
1.2566370614359172	0.0	3.141592653589793
1.2566370614359172	0.0	3.3510321638291125
1.2566370614359172	0.0	3.560471674068432
1.2566370614359172	0.0	3.7699111843077517
1.2566370614359172	0.0	3.979350694547071
1.2566370614359172	0.0	4.1887902047863905
1.2566370614359172	0.0	4.39822971502571
1.2566370614359172	0.0	4.607669225265029
1.2566370614359172	0.0	4.817108735504349
1.2566370614359172	0.0	5.026548245743669
1.2566370614359172	0.0	5.235987755982988
1.2566370614359172	0.0	5.445427266222308
1.2566370614359172	0.0	5.654866776461628
1.2566370614359172	0.0	5.864306286700947
1.2566370614359172	0.0	6.073745796940266
1.2566370614359172	0.10471975511965977	0.0
1.2566370614359172	0.10471975511965977	0.20943951023931953
1.2566370614359172	0.10471975511965977	0.41887902047863906
1.2566370614359172	0.10471975511965977	0.6283185307179586
1.2566370614359172	0.10471975511965977	0.8377580409572781
1.2566370614359172	0.10471975511965977	1.0471975511965976
1.2566370614359172	0.10471975511965977	1.2566370614359172
1.2566370614359172	0.10471975511965977	1.4660765716752366
1.2566370614359172	0.10471975511965977	1.6755160819145563
1.2566370614359172	0.10471975511965977	1.8849555921538759
1.2566370614359172	0.10471975511965977	2.0943951023931953
1.2566370614359172	0.10471975511965977	2.3038346126325147
1.2566370614359172	0.10471975511965977	2.5132741228718345
1.2566370614359172	0.10471975511965977	2.722713633111154
1.2566370614359172	0.10471975511965977	2.9321531433504733
1.2566370614359172	0.10471975511965977	3.141592653589793
1.2566370614359172	0.10471975511965977	3.3510321638291125
1.2566370614359172	0.10471975511965977	3.560471674068432
1.2566370614359172	0.10471975511965977	3.7699111843077517
1.2566370614359172	0.10471975511965977	3.979350694547071
1.2566370614359172	0.10471975511965977	4.1887902047863905
1.2566370614359172	0.10471975511965977	4.39822971502571
1.2566370614359172	0.10471975511965977	4.607669225265029
1.2566370614359172	0.10471975511965977	4.817108735504349
1.2566370614359172	0.10471975511965977	5.026548245743669
1.2566370614359172	0.10471975511965977	5.235987755982988
1.2566370614359172	0.10471975511965977	5.445427266222308
1.2566370614359172	0.10471975511965977	5.654866776461628
1.2566370614359172	0.10471975511965977	5.864306286700947
1.2566370614359172	0.10471975511965977	6.073745796940266
1.2566370614359172	0.20943951023931953	0.0
1.2566370614359172	0.20943951023931953	0.20943951023931953
1.2566370614359172	0.20943951023931953	0.41887902047863906
1.2566370614359172	0.20943951023931953	0.6283185307179586
1.2566370614359172	0.20943951023931953	0.8377580409572781
1.2566370614359172	0.20943951023931953	1.0471975511965976
1.2566370614359172	0.20943951023931953	1.2566370614359172
1.2566370614359172	0.20943951023931953	1.4660765716752366
1.2566370614359172	0.20943951023931953	1.6755160819145563
1.2566370614359172	0.20943951023931953	1.8849555921538759
1.2566370614359172	0.20943951023931953	2.0943951023931953
1.2566370614359172	0.20943951023931953	2.3038346126325147
1.2566370614359172	0.20943951023931953	2.5132741228718345
1.2566370614359172	0.20943951023931953	2.722713633111154
1.2566370614359172	0.20943951023931953	2.9321531433504733
1.2566370614359172	0.20943951023931953	3.141592653589793
1.2566370614359172	0.20943951023931953	3.3510321638291125
1.2566370614359172	0.20943951023931953	3.560471674068432
1.2566370614359172	0.20943951023931953	3.7699111843077517
1.2566370614359172	0.20943951023931953	3.979350694547071
1.2566370614359172	0.20943951023931953	4.1887902047863905
1.2566370614359172	0.20943951023931953	4.39822971502571
1.2566370614359172	0.20943951023931953	4.607669225265029
1.2566370614359172	0.20943951023931953	4.817108735504349
1.2566370614359172	0.20943951023931953	5.026548245743669
1.2566370614359172	0.20943951023931953	5.235987755982988
1.2566370614359172	0.20943951023931953	5.445427266222308
1.2566370614359172	0.20943951023931953	5.654866776461628
1.2566370614359172	0.20943951023931953	5.864306286700947
1.2566370614359172	0.20943951023931953	6.073745796940266
1.2566370614359172	0.3141592653589793	0.0
1.2566370614359172	0.3141592653589793	0.20943951023931953
1.2566370614359172	0.3141592653589793	0.41887902047863906
1.2566370614359172	0.3141592653589793	0.6283185307179586
1.2566370614359172	0.3141592653589793	0.8377580409572781
1.2566370614359172	0.3141592653589793	1.0471975511965976
1.2566370614359172	0.3141592653589793	1.2566370614359172
1.2566370614359172	0.3141592653589793	1.4660765716752366
1.2566370614359172	0.3141592653589793	1.6755160819145563
1.2566370614359172	0.3141592653589793	1.8849555921538759
1.2566370614359172	0.3141592653589793	2.0943951023931953
1.2566370614359172	0.3141592653589793	2.3038346126325147
1.2566370614359172	0.3141592653589793	2.5132741228718345
1.2566370614359172	0.3141592653589793	2.722713633111154
1.2566370614359172	0.3141592653589793	2.9321531433504733
1.2566370614359172	0.3141592653589793	3.141592653589793
1.2566370614359172	0.3141592653589793	3.3510321638291125
1.2566370614359172	0.3141592653589793	3.560471674068432
1.2566370614359172	0.3141592653589793	3.7699111843077517
1.2566370614359172	0.3141592653589793	3.979350694547071
1.2566370614359172	0.3141592653589793	4.1887902047863905
1.2566370614359172	0.3141592653589793	4.39822971502571
1.2566370614359172	0.3141592653589793	4.607669225265029
1.2566370614359172	0.3141592653589793	4.817108735504349
1.2566370614359172	0.3141592653589793	5.026548245743669
1.2566370614359172	0.3141592653589793	5.235987755982988
1.2566370614359172	0.3141592653589793	5.445427266222308
1.2566370614359172	0.3141592653589793	5.654866776461628
1.2566370614359172	0.3141592653589793	5.864306286700947
1.2566370614359172	0.3141592653589793	6.073745796940266
1.2566370614359172	0.41887902047863906	0.0
1.2566370614359172	0.41887902047863906	0.20943951023931953
1.2566370614359172	0.41887902047863906	0.41887902047863906
1.2566370614359172	0.41887902047863906	0.6283185307179586
1.2566370614359172	0.41887902047863906	0.8377580409572781
1.2566370614359172	0.41887902047863906	1.0471975511965976
1.2566370614359172	0.41887902047863906	1.2566370614359172
1.2566370614359172	0.41887902047863906	1.4660765716752366
1.2566370614359172	0.41887902047863906	1.6755160819145563
1.2566370614359172	0.41887902047863906	1.8849555921538759
1.2566370614359172	0.41887902047863906	2.0943951023931953
1.2566370614359172	0.41887902047863906	2.3038346126325147
1.2566370614359172	0.41887902047863906	2.5132741228718345
1.2566370614359172	0.41887902047863906	2.722713633111154
1.2566370614359172	0.41887902047863906	2.9321531433504733
1.2566370614359172	0.41887902047863906	3.141592653589793
1.2566370614359172	0.41887902047863906	3.3510321638291125
1.2566370614359172	0.41887902047863906	3.560471674068432
1.2566370614359172	0.41887902047863906	3.7699111843077517
1.2566370614359172	0.41887902047863906	3.979350694547071
1.2566370614359172	0.41887902047863906	4.1887902047863905
1.2566370614359172	0.41887902047863906	4.39822971502571
1.2566370614359172	0.41887902047863906	4.607669225265029
1.2566370614359172	0.41887902047863906	4.817108735504349
1.2566370614359172	0.41887902047863906	5.026548245743669
1.2566370614359172	0.41887902047863906	5.235987755982988
1.2566370614359172	0.41887902047863906	5.445427266222308
1.2566370614359172	0.41887902047863906	5.654866776461628
1.2566370614359172	0.41887902047863906	5.864306286700947
1.2566370614359172	0.41887902047863906	6.073745796940266
1.2566370614359172	0.5235987755982988	0.0
1.2566370614359172	0.5235987755982988	0.20943951023931953
1.2566370614359172	0.5235987755982988	0.41887902047863906
1.2566370614359172	0.5235987755982988	0.6283185307179586
1.2566370614359172	0.5235987755982988	0.8377580409572781
1.2566370614359172	0.5235987755982988	1.0471975511965976
1.2566370614359172	0.5235987755982988	1.2566370614359172
1.2566370614359172	0.5235987755982988	1.4660765716752366
1.2566370614359172	0.5235987755982988	1.6755160819145563
1.2566370614359172	0.5235987755982988	1.8849555921538759
1.2566370614359172	0.5235987755982988	2.0943951023931953
1.2566370614359172	0.5235987755982988	2.3038346126325147
1.2566370614359172	0.5235987755982988	2.5132741228718345
1.2566370614359172	0.5235987755982988	2.722713633111154
1.2566370614359172	0.5235987755982988	2.9321531433504733
1.2566370614359172	0.5235987755982988	3.141592653589793
1.2566370614359172	0.5235987755982988	3.3510321638291125
1.2566370614359172	0.5235987755982988	3.560471674068432
1.2566370614359172	0.5235987755982988	3.7699111843077517
1.2566370614359172	0.5235987755982988	3.979350694547071
1.2566370614359172	0.5235987755982988	4.1887902047863905
1.2566370614359172	0.5235987755982988	4.39822971502571
1.2566370614359172	0.5235987755982988	4.607669225265029
1.2566370614359172	0.5235987755982988	4.817108735504349
1.2566370614359172	0.5235987755982988	5.026548245743669
1.2566370614359172	0.5235987755982988	5.235987755982988
1.2566370614359172	0.5235987755982988	5.445427266222308
1.2566370614359172	0.5235987755982988	5.654866776461628
1.2566370614359172	0.5235987755982988	5.864306286700947
1.2566370614359172	0.5235987755982988	6.073745796940266
1.2566370614359172	0.6283185307179586	0.0
1.2566370614359172	0.6283185307179586	0.20943951023931953
1.2566370614359172	0.6283185307179586	0.41887902047863906
1.2566370614359172	0.6283185307179586	0.6283185307179586
1.2566370614359172	0.6283185307179586	0.8377580409572781
1.2566370614359172	0.6283185307179586	1.0471975511965976
1.2566370614359172	0.6283185307179586	1.2566370614359172
1.2566370614359172	0.6283185307179586	1.4660765716752366
1.2566370614359172	0.6283185307179586	1.6755160819145563
1.2566370614359172	0.6283185307179586	1.8849555921538759
1.2566370614359172	0.6283185307179586	2.0943951023931953
1.2566370614359172	0.6283185307179586	2.3038346126325147
1.2566370614359172	0.6283185307179586	2.5132741228718345
1.2566370614359172	0.6283185307179586	2.722713633111154
1.2566370614359172	0.6283185307179586	2.9321531433504733
1.2566370614359172	0.6283185307179586	3.141592653589793
1.2566370614359172	0.6283185307179586	3.3510321638291125
1.2566370614359172	0.6283185307179586	3.560471674068432
1.2566370614359172	0.6283185307179586	3.7699111843077517
1.2566370614359172	0.6283185307179586	3.979350694547071
1.2566370614359172	0.6283185307179586	4.1887902047863905
1.2566370614359172	0.6283185307179586	4.39822971502571
1.2566370614359172	0.6283185307179586	4.607669225265029
1.2566370614359172	0.6283185307179586	4.817108735504349
1.2566370614359172	0.6283185307179586	5.026548245743669
1.2566370614359172	0.6283185307179586	5.235987755982988
1.2566370614359172	0.6283185307179586	5.445427266222308
1.2566370614359172	0.6283185307179586	5.654866776461628
1.2566370614359172	0.6283185307179586	5.864306286700947
1.2566370614359172	0.6283185307179586	6.073745796940266
1.2566370614359172	0.7330382858376183	0.0
1.2566370614359172	0.7330382858376183	0.20943951023931953
1.2566370614359172	0.7330382858376183	0.41887902047863906
1.2566370614359172	0.7330382858376183	0.6283185307179586
1.2566370614359172	0.7330382858376183	0.8377580409572781
1.2566370614359172	0.7330382858376183	1.0471975511965976
1.2566370614359172	0.7330382858376183	1.2566370614359172
1.2566370614359172	0.7330382858376183	1.4660765716752366
1.2566370614359172	0.7330382858376183	1.6755160819145563
1.2566370614359172	0.7330382858376183	1.8849555921538759
1.2566370614359172	0.7330382858376183	2.0943951023931953
1.2566370614359172	0.7330382858376183	2.3038346126325147
1.2566370614359172	0.7330382858376183	2.5132741228718345
1.2566370614359172	0.7330382858376183	2.722713633111154
1.2566370614359172	0.7330382858376183	2.9321531433504733
1.2566370614359172	0.7330382858376183	3.141592653589793
1.2566370614359172	0.7330382858376183	3.3510321638291125
1.2566370614359172	0.7330382858376183	3.560471674068432
1.2566370614359172	0.7330382858376183	3.7699111843077517
1.2566370614359172	0.7330382858376183	3.979350694547071
1.2566370614359172	0.7330382858376183	4.1887902047863905
1.2566370614359172	0.7330382858376183	4.39822971502571
1.2566370614359172	0.7330382858376183	4.607669225265029
1.2566370614359172	0.7330382858376183	4.817108735504349
1.2566370614359172	0.7330382858376183	5.026548245743669
1.2566370614359172	0.7330382858376183	5.235987755982988
1.2566370614359172	0.7330382858376183	5.445427266222308
1.2566370614359172	0.7330382858376183	5.654866776461628
1.2566370614359172	0.7330382858376183	5.864306286700947
1.2566370614359172	0.7330382858376183	6.073745796940266
1.2566370614359172	0.8377580409572781	0.0
1.2566370614359172	0.8377580409572781	0.20943951023931953
1.2566370614359172	0.8377580409572781	0.41887902047863906
1.2566370614359172	0.8377580409572781	0.6283185307179586
1.2566370614359172	0.8377580409572781	0.8377580409572781
1.2566370614359172	0.8377580409572781	1.0471975511965976
1.2566370614359172	0.8377580409572781	1.2566370614359172
1.2566370614359172	0.8377580409572781	1.4660765716752366
1.2566370614359172	0.8377580409572781	1.6755160819145563
1.2566370614359172	0.8377580409572781	1.8849555921538759
1.2566370614359172	0.8377580409572781	2.0943951023931953
1.2566370614359172	0.8377580409572781	2.3038346126325147
1.2566370614359172	0.8377580409572781	2.5132741228718345
1.2566370614359172	0.8377580409572781	2.722713633111154
1.2566370614359172	0.8377580409572781	2.9321531433504733
1.2566370614359172	0.8377580409572781	3.141592653589793
1.2566370614359172	0.8377580409572781	3.3510321638291125
1.2566370614359172	0.8377580409572781	3.560471674068432
1.2566370614359172	0.8377580409572781	3.7699111843077517
1.2566370614359172	0.8377580409572781	3.979350694547071
1.2566370614359172	0.8377580409572781	4.1887902047863905
1.2566370614359172	0.8377580409572781	4.39822971502571
1.2566370614359172	0.8377580409572781	4.607669225265029
1.2566370614359172	0.8377580409572781	4.817108735504349
1.2566370614359172	0.8377580409572781	5.026548245743669
1.2566370614359172	0.8377580409572781	5.235987755982988
1.2566370614359172	0.8377580409572781	5.445427266222308
1.2566370614359172	0.8377580409572781	5.654866776461628
1.2566370614359172	0.8377580409572781	5.864306286700947
1.2566370614359172	0.8377580409572781	6.073745796940266
1.2566370614359172	0.9424777960769379	0.0
1.2566370614359172	0.9424777960769379	0.20943951023931953
1.2566370614359172	0.9424777960769379	0.41887902047863906
1.2566370614359172	0.9424777960769379	0.6283185307179586
1.2566370614359172	0.9424777960769379	0.8377580409572781
1.2566370614359172	0.9424777960769379	1.0471975511965976
1.2566370614359172	0.9424777960769379	1.2566370614359172
1.2566370614359172	0.9424777960769379	1.4660765716752366
1.2566370614359172	0.9424777960769379	1.6755160819145563
1.2566370614359172	0.9424777960769379	1.8849555921538759
1.2566370614359172	0.9424777960769379	2.0943951023931953
1.2566370614359172	0.9424777960769379	2.3038346126325147
1.2566370614359172	0.9424777960769379	2.5132741228718345
1.2566370614359172	0.9424777960769379	2.722713633111154
1.2566370614359172	0.9424777960769379	2.9321531433504733
1.2566370614359172	0.9424777960769379	3.141592653589793
1.2566370614359172	0.9424777960769379	3.3510321638291125
1.2566370614359172	0.9424777960769379	3.560471674068432
1.2566370614359172	0.9424777960769379	3.7699111843077517
1.2566370614359172	0.9424777960769379	3.979350694547071
1.2566370614359172	0.9424777960769379	4.1887902047863905
1.2566370614359172	0.9424777960769379	4.39822971502571
1.2566370614359172	0.9424777960769379	4.607669225265029
1.2566370614359172	0.9424777960769379	4.817108735504349
1.2566370614359172	0.9424777960769379	5.026548245743669
1.2566370614359172	0.9424777960769379	5.235987755982988
1.2566370614359172	0.9424777960769379	5.445427266222308
1.2566370614359172	0.9424777960769379	5.654866776461628
1.2566370614359172	0.9424777960769379	5.864306286700947
1.2566370614359172	0.9424777960769379	6.073745796940266
1.2566370614359172	1.0471975511965976	0.0
1.2566370614359172	1.0471975511965976	0.20943951023931953
1.2566370614359172	1.0471975511965976	0.41887902047863906
1.2566370614359172	1.0471975511965976	0.6283185307179586
1.2566370614359172	1.0471975511965976	0.8377580409572781
1.2566370614359172	1.0471975511965976	1.0471975511965976
1.2566370614359172	1.0471975511965976	1.2566370614359172
1.2566370614359172	1.0471975511965976	1.4660765716752366
1.2566370614359172	1.0471975511965976	1.6755160819145563
1.2566370614359172	1.0471975511965976	1.8849555921538759
1.2566370614359172	1.0471975511965976	2.0943951023931953
1.2566370614359172	1.0471975511965976	2.3038346126325147
1.2566370614359172	1.0471975511965976	2.5132741228718345
1.2566370614359172	1.0471975511965976	2.722713633111154
1.2566370614359172	1.0471975511965976	2.9321531433504733
1.2566370614359172	1.0471975511965976	3.141592653589793
1.2566370614359172	1.0471975511965976	3.3510321638291125
1.2566370614359172	1.0471975511965976	3.560471674068432
1.2566370614359172	1.0471975511965976	3.7699111843077517
1.2566370614359172	1.0471975511965976	3.979350694547071
1.2566370614359172	1.0471975511965976	4.1887902047863905
1.2566370614359172	1.0471975511965976	4.39822971502571
1.2566370614359172	1.0471975511965976	4.607669225265029
1.2566370614359172	1.0471975511965976	4.817108735504349
1.2566370614359172	1.0471975511965976	5.026548245743669
1.2566370614359172	1.0471975511965976	5.235987755982988
1.2566370614359172	1.0471975511965976	5.445427266222308
1.2566370614359172	1.0471975511965976	5.654866776461628
1.2566370614359172	1.0471975511965976	5.864306286700947
1.2566370614359172	1.0471975511965976	6.073745796940266
1.2566370614359172	1.1519173063162573	0.0
1.2566370614359172	1.1519173063162573	0.20943951023931953
1.2566370614359172	1.1519173063162573	0.41887902047863906
1.2566370614359172	1.1519173063162573	0.6283185307179586
1.2566370614359172	1.1519173063162573	0.8377580409572781
1.2566370614359172	1.1519173063162573	1.0471975511965976
1.2566370614359172	1.1519173063162573	1.2566370614359172
1.2566370614359172	1.1519173063162573	1.4660765716752366
1.2566370614359172	1.1519173063162573	1.6755160819145563
1.2566370614359172	1.1519173063162573	1.8849555921538759
1.2566370614359172	1.1519173063162573	2.0943951023931953
1.2566370614359172	1.1519173063162573	2.3038346126325147
1.2566370614359172	1.1519173063162573	2.5132741228718345
1.2566370614359172	1.1519173063162573	2.722713633111154
1.2566370614359172	1.1519173063162573	2.9321531433504733
1.2566370614359172	1.1519173063162573	3.141592653589793
1.2566370614359172	1.1519173063162573	3.3510321638291125
1.2566370614359172	1.1519173063162573	3.560471674068432
1.2566370614359172	1.1519173063162573	3.7699111843077517
1.2566370614359172	1.1519173063162573	3.979350694547071
1.2566370614359172	1.1519173063162573	4.1887902047863905
1.2566370614359172	1.1519173063162573	4.39822971502571
1.2566370614359172	1.1519173063162573	4.607669225265029
1.2566370614359172	1.1519173063162573	4.817108735504349
1.2566370614359172	1.1519173063162573	5.026548245743669
1.2566370614359172	1.1519173063162573	5.235987755982988
1.2566370614359172	1.1519173063162573	5.445427266222308
1.2566370614359172	1.1519173063162573	5.654866776461628
1.2566370614359172	1.1519173063162573	5.864306286700947
1.2566370614359172	1.1519173063162573	6.073745796940266
1.2566370614359172	1.2566370614359172	0.0
1.2566370614359172	1.2566370614359172	0.20943951023931953
1.2566370614359172	1.2566370614359172	0.41887902047863906
1.2566370614359172	1.2566370614359172	0.6283185307179586
1.2566370614359172	1.2566370614359172	0.8377580409572781
1.2566370614359172	1.2566370614359172	1.0471975511965976
1.2566370614359172	1.2566370614359172	1.2566370614359172
1.2566370614359172	1.2566370614359172	1.4660765716752366
1.2566370614359172	1.2566370614359172	1.6755160819145563
1.2566370614359172	1.2566370614359172	1.8849555921538759
1.2566370614359172	1.2566370614359172	2.0943951023931953
1.2566370614359172	1.2566370614359172	2.3038346126325147
1.2566370614359172	1.2566370614359172	2.5132741228718345
1.2566370614359172	1.2566370614359172	2.722713633111154
1.2566370614359172	1.2566370614359172	2.9321531433504733
1.2566370614359172	1.2566370614359172	3.141592653589793
1.2566370614359172	1.2566370614359172	3.3510321638291125
1.2566370614359172	1.2566370614359172	3.560471674068432
1.2566370614359172	1.2566370614359172	3.7699111843077517
1.2566370614359172	1.2566370614359172	3.979350694547071
1.2566370614359172	1.2566370614359172	4.1887902047863905
1.2566370614359172	1.2566370614359172	4.39822971502571
1.2566370614359172	1.2566370614359172	4.607669225265029
1.2566370614359172	1.2566370614359172	4.817108735504349
1.2566370614359172	1.2566370614359172	5.026548245743669
1.2566370614359172	1.2566370614359172	5.235987755982988
1.2566370614359172	1.2566370614359172	5.445427266222308
1.2566370614359172	1.2566370614359172	5.654866776461628
1.2566370614359172	1.2566370614359172	5.864306286700947
1.2566370614359172	1.2566370614359172	6.073745796940266
1.2566370614359172	1.361356816555577	0.0
1.2566370614359172	1.361356816555577	0.20943951023931953
1.2566370614359172	1.361356816555577	0.41887902047863906
1.2566370614359172	1.361356816555577	0.6283185307179586
1.2566370614359172	1.361356816555577	0.8377580409572781
1.2566370614359172	1.361356816555577	1.0471975511965976
1.2566370614359172	1.361356816555577	1.2566370614359172
1.2566370614359172	1.361356816555577	1.4660765716752366
1.2566370614359172	1.361356816555577	1.6755160819145563
1.2566370614359172	1.361356816555577	1.8849555921538759
1.2566370614359172	1.361356816555577	2.0943951023931953
1.2566370614359172	1.361356816555577	2.3038346126325147
1.2566370614359172	1.361356816555577	2.5132741228718345
1.2566370614359172	1.361356816555577	2.722713633111154
1.2566370614359172	1.361356816555577	2.9321531433504733
1.2566370614359172	1.361356816555577	3.141592653589793
1.2566370614359172	1.361356816555577	3.3510321638291125
1.2566370614359172	1.361356816555577	3.560471674068432
1.2566370614359172	1.361356816555577	3.7699111843077517
1.2566370614359172	1.361356816555577	3.979350694547071
1.2566370614359172	1.361356816555577	4.1887902047863905
1.2566370614359172	1.361356816555577	4.39822971502571
1.2566370614359172	1.361356816555577	4.607669225265029
1.2566370614359172	1.361356816555577	4.817108735504349
1.2566370614359172	1.361356816555577	5.026548245743669
1.2566370614359172	1.361356816555577	5.235987755982988
1.2566370614359172	1.361356816555577	5.445427266222308
1.2566370614359172	1.361356816555577	5.654866776461628
1.2566370614359172	1.361356816555577	5.864306286700947
1.2566370614359172	1.361356816555577	6.073745796940266
1.2566370614359172	1.4660765716752366	0.0
1.2566370614359172	1.4660765716752366	0.20943951023931953
1.2566370614359172	1.4660765716752366	0.41887902047863906
1.2566370614359172	1.4660765716752366	0.6283185307179586
1.2566370614359172	1.4660765716752366	0.8377580409572781
1.2566370614359172	1.4660765716752366	1.0471975511965976
1.2566370614359172	1.4660765716752366	1.2566370614359172
1.2566370614359172	1.4660765716752366	1.4660765716752366
1.2566370614359172	1.4660765716752366	1.6755160819145563
1.2566370614359172	1.4660765716752366	1.8849555921538759
1.2566370614359172	1.4660765716752366	2.0943951023931953
1.2566370614359172	1.4660765716752366	2.3038346126325147
1.2566370614359172	1.4660765716752366	2.5132741228718345
1.2566370614359172	1.4660765716752366	2.722713633111154
1.2566370614359172	1.4660765716752366	2.9321531433504733
1.2566370614359172	1.4660765716752366	3.141592653589793
1.2566370614359172	1.4660765716752366	3.3510321638291125
1.2566370614359172	1.4660765716752366	3.560471674068432
1.2566370614359172	1.4660765716752366	3.7699111843077517
1.2566370614359172	1.4660765716752366	3.979350694547071
1.2566370614359172	1.4660765716752366	4.1887902047863905
1.2566370614359172	1.4660765716752366	4.39822971502571
1.2566370614359172	1.4660765716752366	4.607669225265029
1.2566370614359172	1.4660765716752366	4.817108735504349
1.2566370614359172	1.4660765716752366	5.026548245743669
1.2566370614359172	1.4660765716752366	5.235987755982988
1.2566370614359172	1.4660765716752366	5.445427266222308
1.2566370614359172	1.4660765716752366	5.654866776461628
1.2566370614359172	1.4660765716752366	5.864306286700947
1.2566370614359172	1.4660765716752366	6.073745796940266
1.361356816555577	0.0	0.0
1.361356816555577	0.0	0.20943951023931953
1.361356816555577	0.0	0.41887902047863906
1.361356816555577	0.0	0.6283185307179586
1.361356816555577	0.0	0.8377580409572781
1.361356816555577	0.0	1.0471975511965976
1.361356816555577	0.0	1.2566370614359172
1.361356816555577	0.0	1.4660765716752366
1.361356816555577	0.0	1.6755160819145563
1.361356816555577	0.0	1.8849555921538759
1.361356816555577	0.0	2.0943951023931953
1.361356816555577	0.0	2.3038346126325147
1.361356816555577	0.0	2.5132741228718345
1.361356816555577	0.0	2.722713633111154
1.361356816555577	0.0	2.9321531433504733
1.361356816555577	0.0	3.141592653589793
1.361356816555577	0.0	3.3510321638291125
1.361356816555577	0.0	3.560471674068432
1.361356816555577	0.0	3.7699111843077517
1.361356816555577	0.0	3.979350694547071
1.361356816555577	0.0	4.1887902047863905
1.361356816555577	0.0	4.39822971502571
1.361356816555577	0.0	4.607669225265029
1.361356816555577	0.0	4.817108735504349
1.361356816555577	0.0	5.026548245743669
1.361356816555577	0.0	5.235987755982988
1.361356816555577	0.0	5.445427266222308
1.361356816555577	0.0	5.654866776461628
1.361356816555577	0.0	5.864306286700947
1.361356816555577	0.0	6.073745796940266
1.361356816555577	0.10471975511965977	0.0
1.361356816555577	0.10471975511965977	0.20943951023931953
1.361356816555577	0.10471975511965977	0.41887902047863906
1.361356816555577	0.10471975511965977	0.6283185307179586
1.361356816555577	0.10471975511965977	0.8377580409572781
1.361356816555577	0.10471975511965977	1.0471975511965976
1.361356816555577	0.10471975511965977	1.2566370614359172
1.361356816555577	0.10471975511965977	1.4660765716752366
1.361356816555577	0.10471975511965977	1.6755160819145563
1.361356816555577	0.10471975511965977	1.8849555921538759
1.361356816555577	0.10471975511965977	2.0943951023931953
1.361356816555577	0.10471975511965977	2.3038346126325147
1.361356816555577	0.10471975511965977	2.5132741228718345
1.361356816555577	0.10471975511965977	2.722713633111154
1.361356816555577	0.10471975511965977	2.9321531433504733
1.361356816555577	0.10471975511965977	3.141592653589793
1.361356816555577	0.10471975511965977	3.3510321638291125
1.361356816555577	0.10471975511965977	3.560471674068432
1.361356816555577	0.10471975511965977	3.7699111843077517
1.361356816555577	0.10471975511965977	3.979350694547071
1.361356816555577	0.10471975511965977	4.1887902047863905
1.361356816555577	0.10471975511965977	4.39822971502571
1.361356816555577	0.10471975511965977	4.607669225265029
1.361356816555577	0.10471975511965977	4.817108735504349
1.361356816555577	0.10471975511965977	5.026548245743669
1.361356816555577	0.10471975511965977	5.235987755982988
1.361356816555577	0.10471975511965977	5.445427266222308
1.361356816555577	0.10471975511965977	5.654866776461628
1.361356816555577	0.10471975511965977	5.864306286700947
1.361356816555577	0.10471975511965977	6.073745796940266
1.361356816555577	0.20943951023931953	0.0
1.361356816555577	0.20943951023931953	0.20943951023931953
1.361356816555577	0.20943951023931953	0.41887902047863906
1.361356816555577	0.20943951023931953	0.6283185307179586
1.361356816555577	0.20943951023931953	0.8377580409572781
1.361356816555577	0.20943951023931953	1.0471975511965976
1.361356816555577	0.20943951023931953	1.2566370614359172
1.361356816555577	0.20943951023931953	1.4660765716752366
1.361356816555577	0.20943951023931953	1.6755160819145563
1.361356816555577	0.20943951023931953	1.8849555921538759
1.361356816555577	0.20943951023931953	2.0943951023931953
1.361356816555577	0.20943951023931953	2.3038346126325147
1.361356816555577	0.20943951023931953	2.5132741228718345
1.361356816555577	0.20943951023931953	2.722713633111154
1.361356816555577	0.20943951023931953	2.9321531433504733
1.361356816555577	0.20943951023931953	3.141592653589793
1.361356816555577	0.20943951023931953	3.3510321638291125
1.361356816555577	0.20943951023931953	3.560471674068432
1.361356816555577	0.20943951023931953	3.7699111843077517
1.361356816555577	0.20943951023931953	3.979350694547071
1.361356816555577	0.20943951023931953	4.1887902047863905
1.361356816555577	0.20943951023931953	4.39822971502571
1.361356816555577	0.20943951023931953	4.607669225265029
1.361356816555577	0.20943951023931953	4.817108735504349
1.361356816555577	0.20943951023931953	5.026548245743669
1.361356816555577	0.20943951023931953	5.235987755982988
1.361356816555577	0.20943951023931953	5.445427266222308
1.361356816555577	0.20943951023931953	5.654866776461628
1.361356816555577	0.20943951023931953	5.864306286700947
1.361356816555577	0.20943951023931953	6.073745796940266
1.361356816555577	0.3141592653589793	0.0
1.361356816555577	0.3141592653589793	0.20943951023931953
1.361356816555577	0.3141592653589793	0.41887902047863906
1.361356816555577	0.3141592653589793	0.6283185307179586
1.361356816555577	0.3141592653589793	0.8377580409572781
1.361356816555577	0.3141592653589793	1.0471975511965976
1.361356816555577	0.3141592653589793	1.2566370614359172
1.361356816555577	0.3141592653589793	1.4660765716752366
1.361356816555577	0.3141592653589793	1.6755160819145563
1.361356816555577	0.3141592653589793	1.8849555921538759
1.361356816555577	0.3141592653589793	2.0943951023931953
1.361356816555577	0.3141592653589793	2.3038346126325147
1.361356816555577	0.3141592653589793	2.5132741228718345
1.361356816555577	0.3141592653589793	2.722713633111154
1.361356816555577	0.3141592653589793	2.9321531433504733
1.361356816555577	0.3141592653589793	3.141592653589793
1.361356816555577	0.3141592653589793	3.3510321638291125
1.361356816555577	0.3141592653589793	3.560471674068432
1.361356816555577	0.3141592653589793	3.7699111843077517
1.361356816555577	0.3141592653589793	3.979350694547071
1.361356816555577	0.3141592653589793	4.1887902047863905
1.361356816555577	0.3141592653589793	4.39822971502571
1.361356816555577	0.3141592653589793	4.607669225265029
1.361356816555577	0.3141592653589793	4.817108735504349
1.361356816555577	0.3141592653589793	5.026548245743669
1.361356816555577	0.3141592653589793	5.235987755982988
1.361356816555577	0.3141592653589793	5.445427266222308
1.361356816555577	0.3141592653589793	5.654866776461628
1.361356816555577	0.3141592653589793	5.864306286700947
1.361356816555577	0.3141592653589793	6.073745796940266
1.361356816555577	0.41887902047863906	0.0
1.361356816555577	0.41887902047863906	0.20943951023931953
1.361356816555577	0.41887902047863906	0.41887902047863906
1.361356816555577	0.41887902047863906	0.6283185307179586
1.361356816555577	0.41887902047863906	0.8377580409572781
1.361356816555577	0.41887902047863906	1.0471975511965976
1.361356816555577	0.41887902047863906	1.2566370614359172
1.361356816555577	0.41887902047863906	1.4660765716752366
1.361356816555577	0.41887902047863906	1.6755160819145563
1.361356816555577	0.41887902047863906	1.8849555921538759
1.361356816555577	0.41887902047863906	2.0943951023931953
1.361356816555577	0.41887902047863906	2.3038346126325147
1.361356816555577	0.41887902047863906	2.5132741228718345
1.361356816555577	0.41887902047863906	2.722713633111154
1.361356816555577	0.41887902047863906	2.9321531433504733
1.361356816555577	0.41887902047863906	3.141592653589793
1.361356816555577	0.41887902047863906	3.3510321638291125
1.361356816555577	0.41887902047863906	3.560471674068432
1.361356816555577	0.41887902047863906	3.7699111843077517
1.361356816555577	0.41887902047863906	3.979350694547071
1.361356816555577	0.41887902047863906	4.1887902047863905
1.361356816555577	0.41887902047863906	4.39822971502571
1.361356816555577	0.41887902047863906	4.607669225265029
1.361356816555577	0.41887902047863906	4.817108735504349
1.361356816555577	0.41887902047863906	5.026548245743669
1.361356816555577	0.41887902047863906	5.235987755982988
1.361356816555577	0.41887902047863906	5.445427266222308
1.361356816555577	0.41887902047863906	5.654866776461628
1.361356816555577	0.41887902047863906	5.864306286700947
1.361356816555577	0.41887902047863906	6.073745796940266
1.361356816555577	0.5235987755982988	0.0
1.361356816555577	0.5235987755982988	0.20943951023931953
1.361356816555577	0.5235987755982988	0.41887902047863906
1.361356816555577	0.5235987755982988	0.6283185307179586
1.361356816555577	0.5235987755982988	0.8377580409572781
1.361356816555577	0.5235987755982988	1.0471975511965976
1.361356816555577	0.5235987755982988	1.2566370614359172
1.361356816555577	0.5235987755982988	1.4660765716752366
1.361356816555577	0.5235987755982988	1.6755160819145563
1.361356816555577	0.5235987755982988	1.8849555921538759
1.361356816555577	0.5235987755982988	2.0943951023931953
1.361356816555577	0.5235987755982988	2.3038346126325147
1.361356816555577	0.5235987755982988	2.5132741228718345
1.361356816555577	0.5235987755982988	2.722713633111154
1.361356816555577	0.5235987755982988	2.9321531433504733
1.361356816555577	0.5235987755982988	3.141592653589793
1.361356816555577	0.5235987755982988	3.3510321638291125
1.361356816555577	0.5235987755982988	3.560471674068432
1.361356816555577	0.5235987755982988	3.7699111843077517
1.361356816555577	0.5235987755982988	3.979350694547071
1.361356816555577	0.5235987755982988	4.1887902047863905
1.361356816555577	0.5235987755982988	4.39822971502571
1.361356816555577	0.5235987755982988	4.607669225265029
1.361356816555577	0.5235987755982988	4.817108735504349
1.361356816555577	0.5235987755982988	5.026548245743669
1.361356816555577	0.5235987755982988	5.235987755982988
1.361356816555577	0.5235987755982988	5.445427266222308
1.361356816555577	0.5235987755982988	5.654866776461628
1.361356816555577	0.5235987755982988	5.864306286700947
1.361356816555577	0.5235987755982988	6.073745796940266
1.361356816555577	0.6283185307179586	0.0
1.361356816555577	0.6283185307179586	0.20943951023931953
1.361356816555577	0.6283185307179586	0.41887902047863906
1.361356816555577	0.6283185307179586	0.6283185307179586
1.361356816555577	0.6283185307179586	0.8377580409572781
1.361356816555577	0.6283185307179586	1.0471975511965976
1.361356816555577	0.6283185307179586	1.2566370614359172
1.361356816555577	0.6283185307179586	1.4660765716752366
1.361356816555577	0.6283185307179586	1.6755160819145563
1.361356816555577	0.6283185307179586	1.8849555921538759
1.361356816555577	0.6283185307179586	2.0943951023931953
1.361356816555577	0.6283185307179586	2.3038346126325147
1.361356816555577	0.6283185307179586	2.5132741228718345
1.361356816555577	0.6283185307179586	2.722713633111154
1.361356816555577	0.6283185307179586	2.9321531433504733
1.361356816555577	0.6283185307179586	3.141592653589793
1.361356816555577	0.6283185307179586	3.3510321638291125
1.361356816555577	0.6283185307179586	3.560471674068432
1.361356816555577	0.6283185307179586	3.7699111843077517
1.361356816555577	0.6283185307179586	3.979350694547071
1.361356816555577	0.6283185307179586	4.1887902047863905
1.361356816555577	0.6283185307179586	4.39822971502571
1.361356816555577	0.6283185307179586	4.607669225265029
1.361356816555577	0.6283185307179586	4.817108735504349
1.361356816555577	0.6283185307179586	5.026548245743669
1.361356816555577	0.6283185307179586	5.235987755982988
1.361356816555577	0.6283185307179586	5.445427266222308
1.361356816555577	0.6283185307179586	5.654866776461628
1.361356816555577	0.6283185307179586	5.864306286700947
1.361356816555577	0.6283185307179586	6.073745796940266
1.361356816555577	0.7330382858376183	0.0
1.361356816555577	0.7330382858376183	0.20943951023931953
1.361356816555577	0.7330382858376183	0.41887902047863906
1.361356816555577	0.7330382858376183	0.6283185307179586
1.361356816555577	0.7330382858376183	0.8377580409572781
1.361356816555577	0.7330382858376183	1.0471975511965976
1.361356816555577	0.7330382858376183	1.2566370614359172
1.361356816555577	0.7330382858376183	1.4660765716752366
1.361356816555577	0.7330382858376183	1.6755160819145563
1.361356816555577	0.7330382858376183	1.8849555921538759
1.361356816555577	0.7330382858376183	2.0943951023931953
1.361356816555577	0.7330382858376183	2.3038346126325147
1.361356816555577	0.7330382858376183	2.5132741228718345
1.361356816555577	0.7330382858376183	2.722713633111154
1.361356816555577	0.7330382858376183	2.9321531433504733
1.361356816555577	0.7330382858376183	3.141592653589793
1.361356816555577	0.7330382858376183	3.3510321638291125
1.361356816555577	0.7330382858376183	3.560471674068432
1.361356816555577	0.7330382858376183	3.7699111843077517
1.361356816555577	0.7330382858376183	3.979350694547071
1.361356816555577	0.7330382858376183	4.1887902047863905
1.361356816555577	0.7330382858376183	4.39822971502571
1.361356816555577	0.7330382858376183	4.607669225265029
1.361356816555577	0.7330382858376183	4.817108735504349
1.361356816555577	0.7330382858376183	5.026548245743669
1.361356816555577	0.7330382858376183	5.235987755982988
1.361356816555577	0.7330382858376183	5.445427266222308
1.361356816555577	0.7330382858376183	5.654866776461628
1.361356816555577	0.7330382858376183	5.864306286700947
1.361356816555577	0.7330382858376183	6.073745796940266
1.361356816555577	0.8377580409572781	0.0
1.361356816555577	0.8377580409572781	0.20943951023931953
1.361356816555577	0.8377580409572781	0.41887902047863906
1.361356816555577	0.8377580409572781	0.6283185307179586
1.361356816555577	0.8377580409572781	0.8377580409572781
1.361356816555577	0.8377580409572781	1.0471975511965976
1.361356816555577	0.8377580409572781	1.2566370614359172
1.361356816555577	0.8377580409572781	1.4660765716752366
1.361356816555577	0.8377580409572781	1.6755160819145563
1.361356816555577	0.8377580409572781	1.8849555921538759
1.361356816555577	0.8377580409572781	2.0943951023931953
1.361356816555577	0.8377580409572781	2.3038346126325147
1.361356816555577	0.8377580409572781	2.5132741228718345
1.361356816555577	0.8377580409572781	2.722713633111154
1.361356816555577	0.8377580409572781	2.9321531433504733
1.361356816555577	0.8377580409572781	3.141592653589793
1.361356816555577	0.8377580409572781	3.3510321638291125
1.361356816555577	0.8377580409572781	3.560471674068432
1.361356816555577	0.8377580409572781	3.7699111843077517
1.361356816555577	0.8377580409572781	3.979350694547071
1.361356816555577	0.8377580409572781	4.1887902047863905
1.361356816555577	0.8377580409572781	4.39822971502571
1.361356816555577	0.8377580409572781	4.607669225265029
1.361356816555577	0.8377580409572781	4.817108735504349
1.361356816555577	0.8377580409572781	5.026548245743669
1.361356816555577	0.8377580409572781	5.235987755982988
1.361356816555577	0.8377580409572781	5.445427266222308
1.361356816555577	0.8377580409572781	5.654866776461628
1.361356816555577	0.8377580409572781	5.864306286700947
1.361356816555577	0.8377580409572781	6.073745796940266
1.361356816555577	0.9424777960769379	0.0
1.361356816555577	0.9424777960769379	0.20943951023931953
1.361356816555577	0.9424777960769379	0.41887902047863906
1.361356816555577	0.9424777960769379	0.6283185307179586
1.361356816555577	0.9424777960769379	0.8377580409572781
1.361356816555577	0.9424777960769379	1.0471975511965976
1.361356816555577	0.9424777960769379	1.2566370614359172
1.361356816555577	0.9424777960769379	1.4660765716752366
1.361356816555577	0.9424777960769379	1.6755160819145563
1.361356816555577	0.9424777960769379	1.8849555921538759
1.361356816555577	0.9424777960769379	2.0943951023931953
1.361356816555577	0.9424777960769379	2.3038346126325147
1.361356816555577	0.9424777960769379	2.5132741228718345
1.361356816555577	0.9424777960769379	2.722713633111154
1.361356816555577	0.9424777960769379	2.9321531433504733
1.361356816555577	0.9424777960769379	3.141592653589793
1.361356816555577	0.9424777960769379	3.3510321638291125
1.361356816555577	0.9424777960769379	3.560471674068432
1.361356816555577	0.9424777960769379	3.7699111843077517
1.361356816555577	0.9424777960769379	3.979350694547071
1.361356816555577	0.9424777960769379	4.1887902047863905
1.361356816555577	0.9424777960769379	4.39822971502571
1.361356816555577	0.9424777960769379	4.607669225265029
1.361356816555577	0.9424777960769379	4.817108735504349
1.361356816555577	0.9424777960769379	5.026548245743669
1.361356816555577	0.9424777960769379	5.235987755982988
1.361356816555577	0.9424777960769379	5.445427266222308
1.361356816555577	0.9424777960769379	5.654866776461628
1.361356816555577	0.9424777960769379	5.864306286700947
1.361356816555577	0.9424777960769379	6.073745796940266
1.361356816555577	1.0471975511965976	0.0
1.361356816555577	1.0471975511965976	0.20943951023931953
1.361356816555577	1.0471975511965976	0.41887902047863906
1.361356816555577	1.0471975511965976	0.6283185307179586
1.361356816555577	1.0471975511965976	0.8377580409572781
1.361356816555577	1.0471975511965976	1.0471975511965976
1.361356816555577	1.0471975511965976	1.2566370614359172
1.361356816555577	1.0471975511965976	1.4660765716752366
1.361356816555577	1.0471975511965976	1.6755160819145563
1.361356816555577	1.0471975511965976	1.8849555921538759
1.361356816555577	1.0471975511965976	2.0943951023931953
1.361356816555577	1.0471975511965976	2.3038346126325147
1.361356816555577	1.0471975511965976	2.5132741228718345
1.361356816555577	1.0471975511965976	2.722713633111154
1.361356816555577	1.0471975511965976	2.9321531433504733
1.361356816555577	1.0471975511965976	3.141592653589793
1.361356816555577	1.0471975511965976	3.3510321638291125
1.361356816555577	1.0471975511965976	3.560471674068432
1.361356816555577	1.0471975511965976	3.7699111843077517
1.361356816555577	1.0471975511965976	3.979350694547071
1.361356816555577	1.0471975511965976	4.1887902047863905
1.361356816555577	1.0471975511965976	4.39822971502571
1.361356816555577	1.0471975511965976	4.607669225265029
1.361356816555577	1.0471975511965976	4.817108735504349
1.361356816555577	1.0471975511965976	5.026548245743669
1.361356816555577	1.0471975511965976	5.235987755982988
1.361356816555577	1.0471975511965976	5.445427266222308
1.361356816555577	1.0471975511965976	5.654866776461628
1.361356816555577	1.0471975511965976	5.864306286700947
1.361356816555577	1.0471975511965976	6.073745796940266
1.361356816555577	1.1519173063162573	0.0
1.361356816555577	1.1519173063162573	0.20943951023931953
1.361356816555577	1.1519173063162573	0.41887902047863906
1.361356816555577	1.1519173063162573	0.6283185307179586
1.361356816555577	1.1519173063162573	0.8377580409572781
1.361356816555577	1.1519173063162573	1.0471975511965976
1.361356816555577	1.1519173063162573	1.2566370614359172
1.361356816555577	1.1519173063162573	1.4660765716752366
1.361356816555577	1.1519173063162573	1.6755160819145563
1.361356816555577	1.1519173063162573	1.8849555921538759
1.361356816555577	1.1519173063162573	2.0943951023931953
1.361356816555577	1.1519173063162573	2.3038346126325147
1.361356816555577	1.1519173063162573	2.5132741228718345
1.361356816555577	1.1519173063162573	2.722713633111154
1.361356816555577	1.1519173063162573	2.9321531433504733
1.361356816555577	1.1519173063162573	3.141592653589793
1.361356816555577	1.1519173063162573	3.3510321638291125
1.361356816555577	1.1519173063162573	3.560471674068432
1.361356816555577	1.1519173063162573	3.7699111843077517
1.361356816555577	1.1519173063162573	3.979350694547071
1.361356816555577	1.1519173063162573	4.1887902047863905
1.361356816555577	1.1519173063162573	4.39822971502571
1.361356816555577	1.1519173063162573	4.607669225265029
1.361356816555577	1.1519173063162573	4.817108735504349
1.361356816555577	1.1519173063162573	5.026548245743669
1.361356816555577	1.1519173063162573	5.235987755982988
1.361356816555577	1.1519173063162573	5.445427266222308
1.361356816555577	1.1519173063162573	5.654866776461628
1.361356816555577	1.1519173063162573	5.864306286700947
1.361356816555577	1.1519173063162573	6.073745796940266
1.361356816555577	1.2566370614359172	0.0
1.361356816555577	1.2566370614359172	0.20943951023931953
1.361356816555577	1.2566370614359172	0.41887902047863906
1.361356816555577	1.2566370614359172	0.6283185307179586
1.361356816555577	1.2566370614359172	0.8377580409572781
1.361356816555577	1.2566370614359172	1.0471975511965976
1.361356816555577	1.2566370614359172	1.2566370614359172
1.361356816555577	1.2566370614359172	1.4660765716752366
1.361356816555577	1.2566370614359172	1.6755160819145563
1.361356816555577	1.2566370614359172	1.8849555921538759
1.361356816555577	1.2566370614359172	2.0943951023931953
1.361356816555577	1.2566370614359172	2.3038346126325147
1.361356816555577	1.2566370614359172	2.5132741228718345
1.361356816555577	1.2566370614359172	2.722713633111154
1.361356816555577	1.2566370614359172	2.9321531433504733
1.361356816555577	1.2566370614359172	3.141592653589793
1.361356816555577	1.2566370614359172	3.3510321638291125
1.361356816555577	1.2566370614359172	3.560471674068432
1.361356816555577	1.2566370614359172	3.7699111843077517
1.361356816555577	1.2566370614359172	3.979350694547071
1.361356816555577	1.2566370614359172	4.1887902047863905
1.361356816555577	1.2566370614359172	4.39822971502571
1.361356816555577	1.2566370614359172	4.607669225265029
1.361356816555577	1.2566370614359172	4.817108735504349
1.361356816555577	1.2566370614359172	5.026548245743669
1.361356816555577	1.2566370614359172	5.235987755982988
1.361356816555577	1.2566370614359172	5.445427266222308
1.361356816555577	1.2566370614359172	5.654866776461628
1.361356816555577	1.2566370614359172	5.864306286700947
1.361356816555577	1.2566370614359172	6.073745796940266
1.361356816555577	1.361356816555577	0.0
1.361356816555577	1.361356816555577	0.20943951023931953
1.361356816555577	1.361356816555577	0.41887902047863906
1.361356816555577	1.361356816555577	0.6283185307179586
1.361356816555577	1.361356816555577	0.8377580409572781
1.361356816555577	1.361356816555577	1.0471975511965976
1.361356816555577	1.361356816555577	1.2566370614359172
1.361356816555577	1.361356816555577	1.4660765716752366
1.361356816555577	1.361356816555577	1.6755160819145563
1.361356816555577	1.361356816555577	1.8849555921538759
1.361356816555577	1.361356816555577	2.0943951023931953
1.361356816555577	1.361356816555577	2.3038346126325147
1.361356816555577	1.361356816555577	2.5132741228718345
1.361356816555577	1.361356816555577	2.722713633111154
1.361356816555577	1.361356816555577	2.9321531433504733
1.361356816555577	1.361356816555577	3.141592653589793
1.361356816555577	1.361356816555577	3.3510321638291125
1.361356816555577	1.361356816555577	3.560471674068432
1.361356816555577	1.361356816555577	3.7699111843077517
1.361356816555577	1.361356816555577	3.979350694547071
1.361356816555577	1.361356816555577	4.1887902047863905
1.361356816555577	1.361356816555577	4.39822971502571
1.361356816555577	1.361356816555577	4.607669225265029
1.361356816555577	1.361356816555577	4.817108735504349
1.361356816555577	1.361356816555577	5.026548245743669
1.361356816555577	1.361356816555577	5.235987755982988
1.361356816555577	1.361356816555577	5.445427266222308
1.361356816555577	1.361356816555577	5.654866776461628
1.361356816555577	1.361356816555577	5.864306286700947
1.361356816555577	1.361356816555577	6.073745796940266
1.361356816555577	1.4660765716752366	0.0
1.361356816555577	1.4660765716752366	0.20943951023931953
1.361356816555577	1.4660765716752366	0.41887902047863906
1.361356816555577	1.4660765716752366	0.6283185307179586
1.361356816555577	1.4660765716752366	0.8377580409572781
1.361356816555577	1.4660765716752366	1.0471975511965976
1.361356816555577	1.4660765716752366	1.2566370614359172
1.361356816555577	1.4660765716752366	1.4660765716752366
1.361356816555577	1.4660765716752366	1.6755160819145563
1.361356816555577	1.4660765716752366	1.8849555921538759
1.361356816555577	1.4660765716752366	2.0943951023931953
1.361356816555577	1.4660765716752366	2.3038346126325147
1.361356816555577	1.4660765716752366	2.5132741228718345
1.361356816555577	1.4660765716752366	2.722713633111154
1.361356816555577	1.4660765716752366	2.9321531433504733
1.361356816555577	1.4660765716752366	3.141592653589793
1.361356816555577	1.4660765716752366	3.3510321638291125
1.361356816555577	1.4660765716752366	3.560471674068432
1.361356816555577	1.4660765716752366	3.7699111843077517
1.361356816555577	1.4660765716752366	3.979350694547071
1.361356816555577	1.4660765716752366	4.1887902047863905
1.361356816555577	1.4660765716752366	4.39822971502571
1.361356816555577	1.4660765716752366	4.607669225265029
1.361356816555577	1.4660765716752366	4.817108735504349
1.361356816555577	1.4660765716752366	5.026548245743669
1.361356816555577	1.4660765716752366	5.235987755982988
1.361356816555577	1.4660765716752366	5.445427266222308
1.361356816555577	1.4660765716752366	5.654866776461628
1.361356816555577	1.4660765716752366	5.864306286700947
1.361356816555577	1.4660765716752366	6.073745796940266
1.4660765716752366	0.0	0.0
1.4660765716752366	0.0	0.20943951023931953
1.4660765716752366	0.0	0.41887902047863906
1.4660765716752366	0.0	0.6283185307179586
1.4660765716752366	0.0	0.8377580409572781
1.4660765716752366	0.0	1.0471975511965976
1.4660765716752366	0.0	1.2566370614359172
1.4660765716752366	0.0	1.4660765716752366
1.4660765716752366	0.0	1.6755160819145563
1.4660765716752366	0.0	1.8849555921538759
1.4660765716752366	0.0	2.0943951023931953
1.4660765716752366	0.0	2.3038346126325147
1.4660765716752366	0.0	2.5132741228718345
1.4660765716752366	0.0	2.722713633111154
1.4660765716752366	0.0	2.9321531433504733
1.4660765716752366	0.0	3.141592653589793
1.4660765716752366	0.0	3.3510321638291125
1.4660765716752366	0.0	3.560471674068432
1.4660765716752366	0.0	3.7699111843077517
1.4660765716752366	0.0	3.979350694547071
1.4660765716752366	0.0	4.1887902047863905
1.4660765716752366	0.0	4.39822971502571
1.4660765716752366	0.0	4.607669225265029
1.4660765716752366	0.0	4.817108735504349
1.4660765716752366	0.0	5.026548245743669
1.4660765716752366	0.0	5.235987755982988
1.4660765716752366	0.0	5.445427266222308
1.4660765716752366	0.0	5.654866776461628
1.4660765716752366	0.0	5.864306286700947
1.4660765716752366	0.0	6.073745796940266
1.4660765716752366	0.10471975511965977	0.0
1.4660765716752366	0.10471975511965977	0.20943951023931953
1.4660765716752366	0.10471975511965977	0.41887902047863906
1.4660765716752366	0.10471975511965977	0.6283185307179586
1.4660765716752366	0.10471975511965977	0.8377580409572781
1.4660765716752366	0.10471975511965977	1.0471975511965976
1.4660765716752366	0.10471975511965977	1.2566370614359172
1.4660765716752366	0.10471975511965977	1.4660765716752366
1.4660765716752366	0.10471975511965977	1.6755160819145563
1.4660765716752366	0.10471975511965977	1.8849555921538759
1.4660765716752366	0.10471975511965977	2.0943951023931953
1.4660765716752366	0.10471975511965977	2.3038346126325147
1.4660765716752366	0.10471975511965977	2.5132741228718345
1.4660765716752366	0.10471975511965977	2.722713633111154
1.4660765716752366	0.10471975511965977	2.9321531433504733
1.4660765716752366	0.10471975511965977	3.141592653589793
1.4660765716752366	0.10471975511965977	3.3510321638291125
1.4660765716752366	0.10471975511965977	3.560471674068432
1.4660765716752366	0.10471975511965977	3.7699111843077517
1.4660765716752366	0.10471975511965977	3.979350694547071
1.4660765716752366	0.10471975511965977	4.1887902047863905
1.4660765716752366	0.10471975511965977	4.39822971502571
1.4660765716752366	0.10471975511965977	4.607669225265029
1.4660765716752366	0.10471975511965977	4.817108735504349
1.4660765716752366	0.10471975511965977	5.026548245743669
1.4660765716752366	0.10471975511965977	5.235987755982988
1.4660765716752366	0.10471975511965977	5.445427266222308
1.4660765716752366	0.10471975511965977	5.654866776461628
1.4660765716752366	0.10471975511965977	5.864306286700947
1.4660765716752366	0.10471975511965977	6.073745796940266
1.4660765716752366	0.20943951023931953	0.0
1.4660765716752366	0.20943951023931953	0.20943951023931953
1.4660765716752366	0.20943951023931953	0.41887902047863906
1.4660765716752366	0.20943951023931953	0.6283185307179586
1.4660765716752366	0.20943951023931953	0.8377580409572781
1.4660765716752366	0.20943951023931953	1.0471975511965976
1.4660765716752366	0.20943951023931953	1.2566370614359172
1.4660765716752366	0.20943951023931953	1.4660765716752366
1.4660765716752366	0.20943951023931953	1.6755160819145563
1.4660765716752366	0.20943951023931953	1.8849555921538759
1.4660765716752366	0.20943951023931953	2.0943951023931953
1.4660765716752366	0.20943951023931953	2.3038346126325147
1.4660765716752366	0.20943951023931953	2.5132741228718345
1.4660765716752366	0.20943951023931953	2.722713633111154
1.4660765716752366	0.20943951023931953	2.9321531433504733
1.4660765716752366	0.20943951023931953	3.141592653589793
1.4660765716752366	0.20943951023931953	3.3510321638291125
1.4660765716752366	0.20943951023931953	3.560471674068432
1.4660765716752366	0.20943951023931953	3.7699111843077517
1.4660765716752366	0.20943951023931953	3.979350694547071
1.4660765716752366	0.20943951023931953	4.1887902047863905
1.4660765716752366	0.20943951023931953	4.39822971502571
1.4660765716752366	0.20943951023931953	4.607669225265029
1.4660765716752366	0.20943951023931953	4.817108735504349
1.4660765716752366	0.20943951023931953	5.026548245743669
1.4660765716752366	0.20943951023931953	5.235987755982988
1.4660765716752366	0.20943951023931953	5.445427266222308
1.4660765716752366	0.20943951023931953	5.654866776461628
1.4660765716752366	0.20943951023931953	5.864306286700947
1.4660765716752366	0.20943951023931953	6.073745796940266
1.4660765716752366	0.3141592653589793	0.0
1.4660765716752366	0.3141592653589793	0.20943951023931953
1.4660765716752366	0.3141592653589793	0.41887902047863906
1.4660765716752366	0.3141592653589793	0.6283185307179586
1.4660765716752366	0.3141592653589793	0.8377580409572781
1.4660765716752366	0.3141592653589793	1.0471975511965976
1.4660765716752366	0.3141592653589793	1.2566370614359172
1.4660765716752366	0.3141592653589793	1.4660765716752366
1.4660765716752366	0.3141592653589793	1.6755160819145563
1.4660765716752366	0.3141592653589793	1.8849555921538759
1.4660765716752366	0.3141592653589793	2.0943951023931953
1.4660765716752366	0.3141592653589793	2.3038346126325147
1.4660765716752366	0.3141592653589793	2.5132741228718345
1.4660765716752366	0.3141592653589793	2.722713633111154
1.4660765716752366	0.3141592653589793	2.9321531433504733
1.4660765716752366	0.3141592653589793	3.141592653589793
1.4660765716752366	0.3141592653589793	3.3510321638291125
1.4660765716752366	0.3141592653589793	3.560471674068432
1.4660765716752366	0.3141592653589793	3.7699111843077517
1.4660765716752366	0.3141592653589793	3.979350694547071
1.4660765716752366	0.3141592653589793	4.1887902047863905
1.4660765716752366	0.3141592653589793	4.39822971502571
1.4660765716752366	0.3141592653589793	4.607669225265029
1.4660765716752366	0.3141592653589793	4.817108735504349
1.4660765716752366	0.3141592653589793	5.026548245743669
1.4660765716752366	0.3141592653589793	5.235987755982988
1.4660765716752366	0.3141592653589793	5.445427266222308
1.4660765716752366	0.3141592653589793	5.654866776461628
1.4660765716752366	0.3141592653589793	5.864306286700947
1.4660765716752366	0.3141592653589793	6.073745796940266
1.4660765716752366	0.41887902047863906	0.0
1.4660765716752366	0.41887902047863906	0.20943951023931953
1.4660765716752366	0.41887902047863906	0.41887902047863906
1.4660765716752366	0.41887902047863906	0.6283185307179586
1.4660765716752366	0.41887902047863906	0.8377580409572781
1.4660765716752366	0.41887902047863906	1.0471975511965976
1.4660765716752366	0.41887902047863906	1.2566370614359172
1.4660765716752366	0.41887902047863906	1.4660765716752366
1.4660765716752366	0.41887902047863906	1.6755160819145563
1.4660765716752366	0.41887902047863906	1.8849555921538759
1.4660765716752366	0.41887902047863906	2.0943951023931953
1.4660765716752366	0.41887902047863906	2.3038346126325147
1.4660765716752366	0.41887902047863906	2.5132741228718345
1.4660765716752366	0.41887902047863906	2.722713633111154
1.4660765716752366	0.41887902047863906	2.9321531433504733
1.4660765716752366	0.41887902047863906	3.141592653589793
1.4660765716752366	0.41887902047863906	3.3510321638291125
1.4660765716752366	0.41887902047863906	3.560471674068432
1.4660765716752366	0.41887902047863906	3.7699111843077517
1.4660765716752366	0.41887902047863906	3.979350694547071
1.4660765716752366	0.41887902047863906	4.1887902047863905
1.4660765716752366	0.41887902047863906	4.39822971502571
1.4660765716752366	0.41887902047863906	4.607669225265029
1.4660765716752366	0.41887902047863906	4.817108735504349
1.4660765716752366	0.41887902047863906	5.026548245743669
1.4660765716752366	0.41887902047863906	5.235987755982988
1.4660765716752366	0.41887902047863906	5.445427266222308
1.4660765716752366	0.41887902047863906	5.654866776461628
1.4660765716752366	0.41887902047863906	5.864306286700947
1.4660765716752366	0.41887902047863906	6.073745796940266
1.4660765716752366	0.5235987755982988	0.0
1.4660765716752366	0.5235987755982988	0.20943951023931953
1.4660765716752366	0.5235987755982988	0.41887902047863906
1.4660765716752366	0.5235987755982988	0.6283185307179586
1.4660765716752366	0.5235987755982988	0.8377580409572781
1.4660765716752366	0.5235987755982988	1.0471975511965976
1.4660765716752366	0.5235987755982988	1.2566370614359172
1.4660765716752366	0.5235987755982988	1.4660765716752366
1.4660765716752366	0.5235987755982988	1.6755160819145563
1.4660765716752366	0.5235987755982988	1.8849555921538759
1.4660765716752366	0.5235987755982988	2.0943951023931953
1.4660765716752366	0.5235987755982988	2.3038346126325147
1.4660765716752366	0.5235987755982988	2.5132741228718345
1.4660765716752366	0.5235987755982988	2.722713633111154
1.4660765716752366	0.5235987755982988	2.9321531433504733
1.4660765716752366	0.5235987755982988	3.141592653589793
1.4660765716752366	0.5235987755982988	3.3510321638291125
1.4660765716752366	0.5235987755982988	3.560471674068432
1.4660765716752366	0.5235987755982988	3.7699111843077517
1.4660765716752366	0.5235987755982988	3.979350694547071
1.4660765716752366	0.5235987755982988	4.1887902047863905
1.4660765716752366	0.5235987755982988	4.39822971502571
1.4660765716752366	0.5235987755982988	4.607669225265029
1.4660765716752366	0.5235987755982988	4.817108735504349
1.4660765716752366	0.5235987755982988	5.026548245743669
1.4660765716752366	0.5235987755982988	5.235987755982988
1.4660765716752366	0.5235987755982988	5.445427266222308
1.4660765716752366	0.5235987755982988	5.654866776461628
1.4660765716752366	0.5235987755982988	5.864306286700947
1.4660765716752366	0.5235987755982988	6.073745796940266
1.4660765716752366	0.6283185307179586	0.0
1.4660765716752366	0.6283185307179586	0.20943951023931953
1.4660765716752366	0.6283185307179586	0.41887902047863906
1.4660765716752366	0.6283185307179586	0.6283185307179586
1.4660765716752366	0.6283185307179586	0.8377580409572781
1.4660765716752366	0.6283185307179586	1.0471975511965976
1.4660765716752366	0.6283185307179586	1.2566370614359172
1.4660765716752366	0.6283185307179586	1.4660765716752366
1.4660765716752366	0.6283185307179586	1.6755160819145563
1.4660765716752366	0.6283185307179586	1.8849555921538759
1.4660765716752366	0.6283185307179586	2.0943951023931953
1.4660765716752366	0.6283185307179586	2.3038346126325147
1.4660765716752366	0.6283185307179586	2.5132741228718345
1.4660765716752366	0.6283185307179586	2.722713633111154
1.4660765716752366	0.6283185307179586	2.9321531433504733
1.4660765716752366	0.6283185307179586	3.141592653589793
1.4660765716752366	0.6283185307179586	3.3510321638291125
1.4660765716752366	0.6283185307179586	3.560471674068432
1.4660765716752366	0.6283185307179586	3.7699111843077517
1.4660765716752366	0.6283185307179586	3.979350694547071
1.4660765716752366	0.6283185307179586	4.1887902047863905
1.4660765716752366	0.6283185307179586	4.39822971502571
1.4660765716752366	0.6283185307179586	4.607669225265029
1.4660765716752366	0.6283185307179586	4.817108735504349
1.4660765716752366	0.6283185307179586	5.026548245743669
1.4660765716752366	0.6283185307179586	5.235987755982988
1.4660765716752366	0.6283185307179586	5.445427266222308
1.4660765716752366	0.6283185307179586	5.654866776461628
1.4660765716752366	0.6283185307179586	5.864306286700947
1.4660765716752366	0.6283185307179586	6.073745796940266
1.4660765716752366	0.7330382858376183	0.0
1.4660765716752366	0.7330382858376183	0.20943951023931953
1.4660765716752366	0.7330382858376183	0.41887902047863906
1.4660765716752366	0.7330382858376183	0.6283185307179586
1.4660765716752366	0.7330382858376183	0.8377580409572781
1.4660765716752366	0.7330382858376183	1.0471975511965976
1.4660765716752366	0.7330382858376183	1.2566370614359172
1.4660765716752366	0.7330382858376183	1.4660765716752366
1.4660765716752366	0.7330382858376183	1.6755160819145563
1.4660765716752366	0.7330382858376183	1.8849555921538759
1.4660765716752366	0.7330382858376183	2.0943951023931953
1.4660765716752366	0.7330382858376183	2.3038346126325147
1.4660765716752366	0.7330382858376183	2.5132741228718345
1.4660765716752366	0.7330382858376183	2.722713633111154
1.4660765716752366	0.7330382858376183	2.9321531433504733
1.4660765716752366	0.7330382858376183	3.141592653589793
1.4660765716752366	0.7330382858376183	3.3510321638291125
1.4660765716752366	0.7330382858376183	3.560471674068432
1.4660765716752366	0.7330382858376183	3.7699111843077517
1.4660765716752366	0.7330382858376183	3.979350694547071
1.4660765716752366	0.7330382858376183	4.1887902047863905
1.4660765716752366	0.7330382858376183	4.39822971502571
1.4660765716752366	0.7330382858376183	4.607669225265029
1.4660765716752366	0.7330382858376183	4.817108735504349
1.4660765716752366	0.7330382858376183	5.026548245743669
1.4660765716752366	0.7330382858376183	5.235987755982988
1.4660765716752366	0.7330382858376183	5.445427266222308
1.4660765716752366	0.7330382858376183	5.654866776461628
1.4660765716752366	0.7330382858376183	5.864306286700947
1.4660765716752366	0.7330382858376183	6.073745796940266
1.4660765716752366	0.8377580409572781	0.0
1.4660765716752366	0.8377580409572781	0.20943951023931953
1.4660765716752366	0.8377580409572781	0.41887902047863906
1.4660765716752366	0.8377580409572781	0.6283185307179586
1.4660765716752366	0.8377580409572781	0.8377580409572781
1.4660765716752366	0.8377580409572781	1.0471975511965976
1.4660765716752366	0.8377580409572781	1.2566370614359172
1.4660765716752366	0.8377580409572781	1.4660765716752366
1.4660765716752366	0.8377580409572781	1.6755160819145563
1.4660765716752366	0.8377580409572781	1.8849555921538759
1.4660765716752366	0.8377580409572781	2.0943951023931953
1.4660765716752366	0.8377580409572781	2.3038346126325147
1.4660765716752366	0.8377580409572781	2.5132741228718345
1.4660765716752366	0.8377580409572781	2.722713633111154
1.4660765716752366	0.8377580409572781	2.9321531433504733
1.4660765716752366	0.8377580409572781	3.141592653589793
1.4660765716752366	0.8377580409572781	3.3510321638291125
1.4660765716752366	0.8377580409572781	3.560471674068432
1.4660765716752366	0.8377580409572781	3.7699111843077517
1.4660765716752366	0.8377580409572781	3.979350694547071
1.4660765716752366	0.8377580409572781	4.1887902047863905
1.4660765716752366	0.8377580409572781	4.39822971502571
1.4660765716752366	0.8377580409572781	4.607669225265029
1.4660765716752366	0.8377580409572781	4.817108735504349
1.4660765716752366	0.8377580409572781	5.026548245743669
1.4660765716752366	0.8377580409572781	5.235987755982988
1.4660765716752366	0.8377580409572781	5.445427266222308
1.4660765716752366	0.8377580409572781	5.654866776461628
1.4660765716752366	0.8377580409572781	5.864306286700947
1.4660765716752366	0.8377580409572781	6.073745796940266
1.4660765716752366	0.9424777960769379	0.0
1.4660765716752366	0.9424777960769379	0.20943951023931953
1.4660765716752366	0.9424777960769379	0.41887902047863906
1.4660765716752366	0.9424777960769379	0.6283185307179586
1.4660765716752366	0.9424777960769379	0.8377580409572781
1.4660765716752366	0.9424777960769379	1.0471975511965976
1.4660765716752366	0.9424777960769379	1.2566370614359172
1.4660765716752366	0.9424777960769379	1.4660765716752366
1.4660765716752366	0.9424777960769379	1.6755160819145563
1.4660765716752366	0.9424777960769379	1.8849555921538759
1.4660765716752366	0.9424777960769379	2.0943951023931953
1.4660765716752366	0.9424777960769379	2.3038346126325147
1.4660765716752366	0.9424777960769379	2.5132741228718345
1.4660765716752366	0.9424777960769379	2.722713633111154
1.4660765716752366	0.9424777960769379	2.9321531433504733
1.4660765716752366	0.9424777960769379	3.141592653589793
1.4660765716752366	0.9424777960769379	3.3510321638291125
1.4660765716752366	0.9424777960769379	3.560471674068432
1.4660765716752366	0.9424777960769379	3.7699111843077517
1.4660765716752366	0.9424777960769379	3.979350694547071
1.4660765716752366	0.9424777960769379	4.1887902047863905
1.4660765716752366	0.9424777960769379	4.39822971502571
1.4660765716752366	0.9424777960769379	4.607669225265029
1.4660765716752366	0.9424777960769379	4.817108735504349
1.4660765716752366	0.9424777960769379	5.026548245743669
1.4660765716752366	0.9424777960769379	5.235987755982988
1.4660765716752366	0.9424777960769379	5.445427266222308
1.4660765716752366	0.9424777960769379	5.654866776461628
1.4660765716752366	0.9424777960769379	5.864306286700947
1.4660765716752366	0.9424777960769379	6.073745796940266
1.4660765716752366	1.0471975511965976	0.0
1.4660765716752366	1.0471975511965976	0.20943951023931953
1.4660765716752366	1.0471975511965976	0.41887902047863906
1.4660765716752366	1.0471975511965976	0.6283185307179586
1.4660765716752366	1.0471975511965976	0.8377580409572781
1.4660765716752366	1.0471975511965976	1.0471975511965976
1.4660765716752366	1.0471975511965976	1.2566370614359172
1.4660765716752366	1.0471975511965976	1.4660765716752366
1.4660765716752366	1.0471975511965976	1.6755160819145563
1.4660765716752366	1.0471975511965976	1.8849555921538759
1.4660765716752366	1.0471975511965976	2.0943951023931953
1.4660765716752366	1.0471975511965976	2.3038346126325147
1.4660765716752366	1.0471975511965976	2.5132741228718345
1.4660765716752366	1.0471975511965976	2.722713633111154
1.4660765716752366	1.0471975511965976	2.9321531433504733
1.4660765716752366	1.0471975511965976	3.141592653589793
1.4660765716752366	1.0471975511965976	3.3510321638291125
1.4660765716752366	1.0471975511965976	3.560471674068432
1.4660765716752366	1.0471975511965976	3.7699111843077517
1.4660765716752366	1.0471975511965976	3.979350694547071
1.4660765716752366	1.0471975511965976	4.1887902047863905
1.4660765716752366	1.0471975511965976	4.39822971502571
1.4660765716752366	1.0471975511965976	4.607669225265029
1.4660765716752366	1.0471975511965976	4.817108735504349
1.4660765716752366	1.0471975511965976	5.026548245743669
1.4660765716752366	1.0471975511965976	5.235987755982988
1.4660765716752366	1.0471975511965976	5.445427266222308
1.4660765716752366	1.0471975511965976	5.654866776461628
1.4660765716752366	1.0471975511965976	5.864306286700947
1.4660765716752366	1.0471975511965976	6.073745796940266
1.4660765716752366	1.1519173063162573	0.0
1.4660765716752366	1.1519173063162573	0.20943951023931953
1.4660765716752366	1.1519173063162573	0.41887902047863906
1.4660765716752366	1.1519173063162573	0.6283185307179586
1.4660765716752366	1.1519173063162573	0.8377580409572781
1.4660765716752366	1.1519173063162573	1.0471975511965976
1.4660765716752366	1.1519173063162573	1.2566370614359172
1.4660765716752366	1.1519173063162573	1.4660765716752366
1.4660765716752366	1.1519173063162573	1.6755160819145563
1.4660765716752366	1.1519173063162573	1.8849555921538759
1.4660765716752366	1.1519173063162573	2.0943951023931953
1.4660765716752366	1.1519173063162573	2.3038346126325147
1.4660765716752366	1.1519173063162573	2.5132741228718345
1.4660765716752366	1.1519173063162573	2.722713633111154
1.4660765716752366	1.1519173063162573	2.9321531433504733
1.4660765716752366	1.1519173063162573	3.141592653589793
1.4660765716752366	1.1519173063162573	3.3510321638291125
1.4660765716752366	1.1519173063162573	3.560471674068432
1.4660765716752366	1.1519173063162573	3.7699111843077517
1.4660765716752366	1.1519173063162573	3.979350694547071
1.4660765716752366	1.1519173063162573	4.1887902047863905
1.4660765716752366	1.1519173063162573	4.39822971502571
1.4660765716752366	1.1519173063162573	4.607669225265029
1.4660765716752366	1.1519173063162573	4.817108735504349
1.4660765716752366	1.1519173063162573	5.026548245743669
1.4660765716752366	1.1519173063162573	5.235987755982988
1.4660765716752366	1.1519173063162573	5.445427266222308
1.4660765716752366	1.1519173063162573	5.654866776461628
1.4660765716752366	1.1519173063162573	5.864306286700947
1.4660765716752366	1.1519173063162573	6.073745796940266
1.4660765716752366	1.2566370614359172	0.0
1.4660765716752366	1.2566370614359172	0.20943951023931953
1.4660765716752366	1.2566370614359172	0.41887902047863906
1.4660765716752366	1.2566370614359172	0.6283185307179586
1.4660765716752366	1.2566370614359172	0.8377580409572781
1.4660765716752366	1.2566370614359172	1.0471975511965976
1.4660765716752366	1.2566370614359172	1.2566370614359172
1.4660765716752366	1.2566370614359172	1.4660765716752366
1.4660765716752366	1.2566370614359172	1.6755160819145563
1.4660765716752366	1.2566370614359172	1.8849555921538759
1.4660765716752366	1.2566370614359172	2.0943951023931953
1.4660765716752366	1.2566370614359172	2.3038346126325147
1.4660765716752366	1.2566370614359172	2.5132741228718345
1.4660765716752366	1.2566370614359172	2.722713633111154
1.4660765716752366	1.2566370614359172	2.9321531433504733
1.4660765716752366	1.2566370614359172	3.141592653589793
1.4660765716752366	1.2566370614359172	3.3510321638291125
1.4660765716752366	1.2566370614359172	3.560471674068432
1.4660765716752366	1.2566370614359172	3.7699111843077517
1.4660765716752366	1.2566370614359172	3.979350694547071
1.4660765716752366	1.2566370614359172	4.1887902047863905
1.4660765716752366	1.2566370614359172	4.39822971502571
1.4660765716752366	1.2566370614359172	4.607669225265029
1.4660765716752366	1.2566370614359172	4.817108735504349
1.4660765716752366	1.2566370614359172	5.026548245743669
1.4660765716752366	1.2566370614359172	5.235987755982988
1.4660765716752366	1.2566370614359172	5.445427266222308
1.4660765716752366	1.2566370614359172	5.654866776461628
1.4660765716752366	1.2566370614359172	5.864306286700947
1.4660765716752366	1.2566370614359172	6.073745796940266
1.4660765716752366	1.361356816555577	0.0
1.4660765716752366	1.361356816555577	0.20943951023931953
1.4660765716752366	1.361356816555577	0.41887902047863906
1.4660765716752366	1.361356816555577	0.6283185307179586
1.4660765716752366	1.361356816555577	0.8377580409572781
1.4660765716752366	1.361356816555577	1.0471975511965976
1.4660765716752366	1.361356816555577	1.2566370614359172
1.4660765716752366	1.361356816555577	1.4660765716752366
1.4660765716752366	1.361356816555577	1.6755160819145563
1.4660765716752366	1.361356816555577	1.8849555921538759
1.4660765716752366	1.361356816555577	2.0943951023931953
1.4660765716752366	1.361356816555577	2.3038346126325147
1.4660765716752366	1.361356816555577	2.5132741228718345
1.4660765716752366	1.361356816555577	2.722713633111154
1.4660765716752366	1.361356816555577	2.9321531433504733
1.4660765716752366	1.361356816555577	3.141592653589793
1.4660765716752366	1.361356816555577	3.3510321638291125
1.4660765716752366	1.361356816555577	3.560471674068432
1.4660765716752366	1.361356816555577	3.7699111843077517
1.4660765716752366	1.361356816555577	3.979350694547071
1.4660765716752366	1.361356816555577	4.1887902047863905
1.4660765716752366	1.361356816555577	4.39822971502571
1.4660765716752366	1.361356816555577	4.607669225265029
1.4660765716752366	1.361356816555577	4.817108735504349
1.4660765716752366	1.361356816555577	5.026548245743669
1.4660765716752366	1.361356816555577	5.235987755982988
1.4660765716752366	1.361356816555577	5.445427266222308
1.4660765716752366	1.361356816555577	5.654866776461628
1.4660765716752366	1.361356816555577	5.864306286700947
1.4660765716752366	1.361356816555577	6.073745796940266
1.4660765716752366	1.4660765716752366	0.0
1.4660765716752366	1.4660765716752366	0.20943951023931953
1.4660765716752366	1.4660765716752366	0.41887902047863906
1.4660765716752366	1.4660765716752366	0.6283185307179586
1.4660765716752366	1.4660765716752366	0.8377580409572781
1.4660765716752366	1.4660765716752366	1.0471975511965976
1.4660765716752366	1.4660765716752366	1.2566370614359172
1.4660765716752366	1.4660765716752366	1.4660765716752366
1.4660765716752366	1.4660765716752366	1.6755160819145563
1.4660765716752366	1.4660765716752366	1.8849555921538759
1.4660765716752366	1.4660765716752366	2.0943951023931953
1.4660765716752366	1.4660765716752366	2.3038346126325147
1.4660765716752366	1.4660765716752366	2.5132741228718345
1.4660765716752366	1.4660765716752366	2.722713633111154
1.4660765716752366	1.4660765716752366	2.9321531433504733
1.4660765716752366	1.4660765716752366	3.141592653589793
1.4660765716752366	1.4660765716752366	3.3510321638291125
1.4660765716752366	1.4660765716752366	3.560471674068432
1.4660765716752366	1.4660765716752366	3.7699111843077517
1.4660765716752366	1.4660765716752366	3.979350694547071
1.4660765716752366	1.4660765716752366	4.1887902047863905
1.4660765716752366	1.4660765716752366	4.39822971502571
1.4660765716752366	1.4660765716752366	4.607669225265029
1.4660765716752366	1.4660765716752366	4.817108735504349
1.4660765716752366	1.4660765716752366	5.026548245743669
1.4660765716752366	1.4660765716752366	5.235987755982988
1.4660765716752366	1.4660765716752366	5.445427266222308
1.4660765716752366	1.4660765716752366	5.654866776461628
1.4660765716752366	1.4660765716752366	5.864306286700947
1.4660765716752366	1.4660765716752366	6.073745796940266
